run_id,status,error,experiment,trace_id,implementation,dataset,key_file,synthetic,format,key_bytes,max_load,operations_requested,universe_requested,mix,theta,reserve,hit_rate,missing_delete_rate,removed_search_rate,insert_order,seed,repetition,insert_count,insert_mean_ns,insert_p50_ns,insert_p99_ns,delete_count,delete_mean_ns,delete_p50_ns,delete_p99_ns,search_count,search_mean_ns,search_p50_ns,search_p99_ns,wall_time_ns,rotations,final_size,final_height,python,python_implementation,python_compiler,platform,machine
849efa0fbefdf2a9,erro,FileNotFoundError: [Errno 2] No such file or directory: '/home/amanda/Documents/Graduacao/Unipampa/3_semestre/Estrutura de Dados/Avaliações/balanced-search-trees/SOSD/data/books_200M_uint32',escala-1e3,9e07c455a0456de5,avl,amzn,/home/amanda/Documents/Graduacao/Unipampa/3_semestre/Estrutura de Dados/Avaliações/balanced-search-trees/SOSD/data/books_200M_uint32,,sosd,4,1000,1000,1000,45:25:30,0.99,0.1,0.7,0.05,0.5,sorted,5,1,,,,,,,,,,,,,,,,,,,,,
b6bcef69fbbf81ab,erro,FileNotFoundError: [Errno 2] No such file or directory: '/home/amanda/Documents/Graduacao/Unipampa/3_semestre/Estrutura de Dados/Avaliações/balanced-search-trees/SOSD/data/books_200M_uint32',escala-1e3,9e07c455a0456de5,avl,amzn,/home/amanda/Documents/Graduacao/Unipampa/3_semestre/Estrutura de Dados/Avaliações/balanced-search-trees/SOSD/data/books_200M_uint32,,sosd,4,1000,1000,1000,45:25:30,0.99,0.1,0.7,0.05,0.5,sorted,5,2,,,,,,,,,,,,,,,,,,,,,
71facc9f9faa8670,erro,FileNotFoundError: [Errno 2] No such file or directory: '/home/amanda/Documents/Graduacao/Unipampa/3_semestre/Estrutura de Dados/Avaliações/balanced-search-trees/SOSD/data/books_200M_uint32',escala-1e3,9e07c455a0456de5,avl,amzn,/home/amanda/Documents/Graduacao/Unipampa/3_semestre/Estrutura de Dados/Avaliações/balanced-search-trees/SOSD/data/books_200M_uint32,,sosd,4,1000,1000,1000,45:25:30,0.99,0.1,0.7,0.05,0.5,sorted,5,3,,,,,,,,,,,,,,,,,,,,,
b972fca60fe8dc2a,erro,FileNotFoundError: [Errno 2] No such file or directory: '/home/amanda/Documents/Graduacao/Unipampa/3_semestre/Estrutura de Dados/Avaliações/balanced-search-trees/SOSD/data/books_200M_uint32',escala-1e3,9e07c455a0456de5,avl,amzn,/home/amanda/Documents/Graduacao/Unipampa/3_semestre/Estrutura de Dados/Avaliações/balanced-search-trees/SOSD/data/books_200M_uint32,,sosd,4,1000,1000,1000,45:25:30,0.99,0.1,0.7,0.05,0.5,sorted,5,4,,,,,,,,,,,,,,,,,,,,,
ffd2df15721e9c14,erro,FileNotFoundError: [Errno 2] No such file or directory: '/home/amanda/Documents/Graduacao/Unipampa/3_semestre/Estrutura de Dados/Avaliações/balanced-search-trees/SOSD/data/books_200M_uint32',escala-1e3,9e07c455a0456de5,avl,amzn,/home/amanda/Documents/Graduacao/Unipampa/3_semestre/Estrutura de Dados/Avaliações/balanced-search-trees/SOSD/data/books_200M_uint32,,sosd,4,1000,1000,1000,45:25:30,0.99,0.1,0.7,0.05,0.5,sorted,5,5,,,,,,,,,,,,,,,,,,,,,
69c1e7bda25f180e,erro,FileNotFoundError: [Errno 2] No such file or directory: '/home/amanda/Documents/Graduacao/Unipampa/3_semestre/Estrutura de Dados/Avaliações/balanced-search-trees/SOSD/data/books_200M_uint32',escala-1e3,9e07c455a0456de5,sorted-list,amzn,/home/amanda/Documents/Graduacao/Unipampa/3_semestre/Estrutura de Dados/Avaliações/balanced-search-trees/SOSD/data/books_200M_uint32,,sosd,4,1000,1000,1000,45:25:30,0.99,0.1,0.7,0.05,0.5,sorted,5,1,,,,,,,,,,,,,,,,,,,,,
f016741fb1598782,erro,FileNotFoundError: [Errno 2] No such file or directory: '/home/amanda/Documents/Graduacao/Unipampa/3_semestre/Estrutura de Dados/Avaliações/balanced-search-trees/SOSD/data/books_200M_uint32',escala-1e3,9e07c455a0456de5,sorted-list,amzn,/home/amanda/Documents/Graduacao/Unipampa/3_semestre/Estrutura de Dados/Avaliações/balanced-search-trees/SOSD/data/books_200M_uint32,,sosd,4,1000,1000,1000,45:25:30,0.99,0.1,0.7,0.05,0.5,sorted,5,2,,,,,,,,,,,,,,,,,,,,,
2d5280abc4445cd5,erro,FileNotFoundError: [Errno 2] No such file or directory: '/home/amanda/Documents/Graduacao/Unipampa/3_semestre/Estrutura de Dados/Avaliações/balanced-search-trees/SOSD/data/books_200M_uint32',escala-1e3,9e07c455a0456de5,sorted-list,amzn,/home/amanda/Documents/Graduacao/Unipampa/3_semestre/Estrutura de Dados/Avaliações/balanced-search-trees/SOSD/data/books_200M_uint32,,sosd,4,1000,1000,1000,45:25:30,0.99,0.1,0.7,0.05,0.5,sorted,5,3,,,,,,,,,,,,,,,,,,,,,
458ec46fe4a47947,erro,FileNotFoundError: [Errno 2] No such file or directory: '/home/amanda/Documents/Graduacao/Unipampa/3_semestre/Estrutura de Dados/Avaliações/balanced-search-trees/SOSD/data/books_200M_uint32',escala-1e3,9e07c455a0456de5,sorted-list,amzn,/home/amanda/Documents/Graduacao/Unipampa/3_semestre/Estrutura de Dados/Avaliações/balanced-search-trees/SOSD/data/books_200M_uint32,,sosd,4,1000,1000,1000,45:25:30,0.99,0.1,0.7,0.05,0.5,sorted,5,4,,,,,,,,,,,,,,,,,,,,,
8b5dba137f0a4601,erro,FileNotFoundError: [Errno 2] No such file or directory: '/home/amanda/Documents/Graduacao/Unipampa/3_semestre/Estrutura de Dados/Avaliações/balanced-search-trees/SOSD/data/books_200M_uint32',escala-1e3,9e07c455a0456de5,sorted-list,amzn,/home/amanda/Documents/Graduacao/Unipampa/3_semestre/Estrutura de Dados/Avaliações/balanced-search-trees/SOSD/data/books_200M_uint32,,sosd,4,1000,1000,1000,45:25:30,0.99,0.1,0.7,0.05,0.5,sorted,5,5,,,,,,,,,,,,,,,,,,,,,
488f0da0147cacc1,erro,FileNotFoundError: [Errno 2] No such file or directory: '/home/amanda/Documents/Graduacao/Unipampa/3_semestre/Estrutura de Dados/Avaliações/balanced-search-trees/SOSD/data/books_200M_uint32',escala-1e3,e2b7aba098c4b5e9,avl,amzn,/home/amanda/Documents/Graduacao/Unipampa/3_semestre/Estrutura de Dados/Avaliações/balanced-search-trees/SOSD/data/books_200M_uint32,,sosd,4,1000,1000,1000,45:25:30,0.99,0.1,0.7,0.05,0.5,shuffle,5,1,,,,,,,,,,,,,,,,,,,,,
4e3c9b09c87e4f47,erro,FileNotFoundError: [Errno 2] No such file or directory: '/home/amanda/Documents/Graduacao/Unipampa/3_semestre/Estrutura de Dados/Avaliações/balanced-search-trees/SOSD/data/books_200M_uint32',escala-1e3,e2b7aba098c4b5e9,avl,amzn,/home/amanda/Documents/Graduacao/Unipampa/3_semestre/Estrutura de Dados/Avaliações/balanced-search-trees/SOSD/data/books_200M_uint32,,sosd,4,1000,1000,1000,45:25:30,0.99,0.1,0.7,0.05,0.5,shuffle,5,2,,,,,,,,,,,,,,,,,,,,,
bd73f34f90260ce8,erro,FileNotFoundError: [Errno 2] No such file or directory: '/home/amanda/Documents/Graduacao/Unipampa/3_semestre/Estrutura de Dados/Avaliações/balanced-search-trees/SOSD/data/books_200M_uint32',escala-1e3,e2b7aba098c4b5e9,avl,amzn,/home/amanda/Documents/Graduacao/Unipampa/3_semestre/Estrutura de Dados/Avaliações/balanced-search-trees/SOSD/data/books_200M_uint32,,sosd,4,1000,1000,1000,45:25:30,0.99,0.1,0.7,0.05,0.5,shuffle,5,3,,,,,,,,,,,,,,,,,,,,,
7fac8147e9115450,erro,FileNotFoundError: [Errno 2] No such file or directory: '/home/amanda/Documents/Graduacao/Unipampa/3_semestre/Estrutura de Dados/Avaliações/balanced-search-trees/SOSD/data/books_200M_uint32',escala-1e3,e2b7aba098c4b5e9,avl,amzn,/home/amanda/Documents/Graduacao/Unipampa/3_semestre/Estrutura de Dados/Avaliações/balanced-search-trees/SOSD/data/books_200M_uint32,,sosd,4,1000,1000,1000,45:25:30,0.99,0.1,0.7,0.05,0.5,shuffle,5,4,,,,,,,,,,,,,,,,,,,,,
0911ee098a0b299d,erro,FileNotFoundError: [Errno 2] No such file or directory: '/home/amanda/Documents/Graduacao/Unipampa/3_semestre/Estrutura de Dados/Avaliações/balanced-search-trees/SOSD/data/books_200M_uint32',escala-1e3,e2b7aba098c4b5e9,avl,amzn,/home/amanda/Documents/Graduacao/Unipampa/3_semestre/Estrutura de Dados/Avaliações/balanced-search-trees/SOSD/data/books_200M_uint32,,sosd,4,1000,1000,1000,45:25:30,0.99,0.1,0.7,0.05,0.5,shuffle,5,5,,,,,,,,,,,,,,,,,,,,,
3c4580fc41918b88,erro,FileNotFoundError: [Errno 2] No such file or directory: '/home/amanda/Documents/Graduacao/Unipampa/3_semestre/Estrutura de Dados/Avaliações/balanced-search-trees/SOSD/data/books_200M_uint32',escala-1e3,e2b7aba098c4b5e9,sorted-list,amzn,/home/amanda/Documents/Graduacao/Unipampa/3_semestre/Estrutura de Dados/Avaliações/balanced-search-trees/SOSD/data/books_200M_uint32,,sosd,4,1000,1000,1000,45:25:30,0.99,0.1,0.7,0.05,0.5,shuffle,5,1,,,,,,,,,,,,,,,,,,,,,
6e3f6734e916b46c,erro,FileNotFoundError: [Errno 2] No such file or directory: '/home/amanda/Documents/Graduacao/Unipampa/3_semestre/Estrutura de Dados/Avaliações/balanced-search-trees/SOSD/data/books_200M_uint32',escala-1e3,e2b7aba098c4b5e9,sorted-list,amzn,/home/amanda/Documents/Graduacao/Unipampa/3_semestre/Estrutura de Dados/Avaliações/balanced-search-trees/SOSD/data/books_200M_uint32,,sosd,4,1000,1000,1000,45:25:30,0.99,0.1,0.7,0.05,0.5,shuffle,5,2,,,,,,,,,,,,,,,,,,,,,
b15d65c1b226ec4d,erro,FileNotFoundError: [Errno 2] No such file or directory: '/home/amanda/Documents/Graduacao/Unipampa/3_semestre/Estrutura de Dados/Avaliações/balanced-search-trees/SOSD/data/books_200M_uint32',escala-1e3,e2b7aba098c4b5e9,sorted-list,amzn,/home/amanda/Documents/Graduacao/Unipampa/3_semestre/Estrutura de Dados/Avaliações/balanced-search-trees/SOSD/data/books_200M_uint32,,sosd,4,1000,1000,1000,45:25:30,0.99,0.1,0.7,0.05,0.5,shuffle,5,3,,,,,,,,,,,,,,,,,,,,,
da2aaa5ee1d5a231,erro,FileNotFoundError: [Errno 2] No such file or directory: '/home/amanda/Documents/Graduacao/Unipampa/3_semestre/Estrutura de Dados/Avaliações/balanced-search-trees/SOSD/data/books_200M_uint32',escala-1e3,e2b7aba098c4b5e9,sorted-list,amzn,/home/amanda/Documents/Graduacao/Unipampa/3_semestre/Estrutura de Dados/Avaliações/balanced-search-trees/SOSD/data/books_200M_uint32,,sosd,4,1000,1000,1000,45:25:30,0.99,0.1,0.7,0.05,0.5,shuffle,5,4,,,,,,,,,,,,,,,,,,,,,
51448f276ea08f85,erro,FileNotFoundError: [Errno 2] No such file or directory: '/home/amanda/Documents/Graduacao/Unipampa/3_semestre/Estrutura de Dados/Avaliações/balanced-search-trees/SOSD/data/books_200M_uint32',escala-1e3,e2b7aba098c4b5e9,sorted-list,amzn,/home/amanda/Documents/Graduacao/Unipampa/3_semestre/Estrutura de Dados/Avaliações/balanced-search-trees/SOSD/data/books_200M_uint32,,sosd,4,1000,1000,1000,45:25:30,0.99,0.1,0.7,0.05,0.5,shuffle,5,5,,,,,,,,,,,,,,,,,,,,,
9a0ced859402200f,erro,FileNotFoundError: [Errno 2] No such file or directory: '/home/amanda/Documents/Graduacao/Unipampa/3_semestre/Estrutura de Dados/Avaliações/balanced-search-trees/SOSD/data/books_200M_uint32',escala-1e4,7a5b153e3a1f258c,avl,amzn,/home/amanda/Documents/Graduacao/Unipampa/3_semestre/Estrutura de Dados/Avaliações/balanced-search-trees/SOSD/data/books_200M_uint32,,sosd,4,10000,10000,10000,45:25:30,0.99,0.1,0.7,0.05,0.5,sorted,5,1,,,,,,,,,,,,,,,,,,,,,
558f0579f2981849,erro,FileNotFoundError: [Errno 2] No such file or directory: '/home/amanda/Documents/Graduacao/Unipampa/3_semestre/Estrutura de Dados/Avaliações/balanced-search-trees/SOSD/data/books_200M_uint32',escala-1e4,7a5b153e3a1f258c,avl,amzn,/home/amanda/Documents/Graduacao/Unipampa/3_semestre/Estrutura de Dados/Avaliações/balanced-search-trees/SOSD/data/books_200M_uint32,,sosd,4,10000,10000,10000,45:25:30,0.99,0.1,0.7,0.05,0.5,sorted,5,2,,,,,,,,,,,,,,,,,,,,,
849efa0fbefdf2a9,sucesso,,escala-1e3,9e07c455a0456de5,avl,amzn,/home/amanda/Documents/Graduacao/Unipampa/3_semestre/Estrutura de Dados/Avaliações/balanced-search-trees/SOSD/data/books_200M_uint32,,sosd,4,1000,1000,1000,45:25:30,0.99,0.1,0.7,0.05,0.5,sorted,5,1,486,11504,10476,22349,237,8694,8101,15365,277,2877,2864,3912,11803576,493,259,9,3.13.5,CPython,Clang 20.1.4 ,Linux-7.0.0-27-generic-x86_64-with-glibc2.43,x86_64
b6bcef69fbbf81ab,sucesso,,escala-1e3,9e07c455a0456de5,avl,amzn,/home/amanda/Documents/Graduacao/Unipampa/3_semestre/Estrutura de Dados/Avaliações/balanced-search-trees/SOSD/data/books_200M_uint32,,sosd,4,1000,1000,1000,45:25:30,0.99,0.1,0.7,0.05,0.5,sorted,5,2,486,9809,9987,14248,237,7631,7613,19417,277,2669,2444,3772,10150486,493,259,9,3.13.5,CPython,Clang 20.1.4 ,Linux-7.0.0-27-generic-x86_64-with-glibc2.43,x86_64
71facc9f9faa8670,sucesso,,escala-1e3,9e07c455a0456de5,avl,amzn,/home/amanda/Documents/Graduacao/Unipampa/3_semestre/Estrutura de Dados/Avaliações/balanced-search-trees/SOSD/data/books_200M_uint32,,sosd,4,1000,1000,1000,45:25:30,0.99,0.1,0.7,0.05,0.5,sorted,5,3,486,9920,9988,21930,237,7490,7682,11734,277,2540,2444,3283,9991735,493,259,9,3.13.5,CPython,Clang 20.1.4 ,Linux-7.0.0-27-generic-x86_64-with-glibc2.43,x86_64
b972fca60fe8dc2a,sucesso,,escala-1e3,9e07c455a0456de5,avl,amzn,/home/amanda/Documents/Graduacao/Unipampa/3_semestre/Estrutura de Dados/Avaliações/balanced-search-trees/SOSD/data/books_200M_uint32,,sosd,4,1000,1000,1000,45:25:30,0.99,0.1,0.7,0.05,0.5,sorted,5,4,486,9759,9918,21860,237,7621,7612,22489,277,2459,2375,3352,9859244,493,259,9,3.13.5,CPython,Clang 20.1.4 ,Linux-7.0.0-27-generic-x86_64-with-glibc2.43,x86_64
ffd2df15721e9c14,sucesso,,escala-1e3,9e07c455a0456de5,avl,amzn,/home/amanda/Documents/Graduacao/Unipampa/3_semestre/Estrutura de Dados/Avaliações/balanced-search-trees/SOSD/data/books_200M_uint32,,sosd,4,1000,1000,1000,45:25:30,0.99,0.1,0.7,0.05,0.5,sorted,5,5,486,9743,9918,14666,237,7490,7613,17879,277,2534,2444,2934,9958769,493,259,9,3.13.5,CPython,Clang 20.1.4 ,Linux-7.0.0-27-generic-x86_64-with-glibc2.43,x86_64
69c1e7bda25f180e,sucesso,,escala-1e3,9e07c455a0456de5,sorted-list,amzn,/home/amanda/Documents/Graduacao/Unipampa/3_semestre/Estrutura de Dados/Avaliações/balanced-search-trees/SOSD/data/books_200M_uint32,,sosd,4,1000,1000,1000,45:25:30,0.99,0.1,0.7,0.05,0.5,sorted,5,1,486,2849,2863,3771,237,3009,2864,4190,277,2786,2863,3772,5446208,0,259,0,3.13.5,CPython,Clang 20.1.4 ,Linux-7.0.0-27-generic-x86_64-with-glibc2.43,x86_64
f016741fb1598782,sucesso,,escala-1e3,9e07c455a0456de5,sorted-list,amzn,/home/amanda/Documents/Graduacao/Unipampa/3_semestre/Estrutura de Dados/Avaliações/balanced-search-trees/SOSD/data/books_200M_uint32,,sosd,4,1000,1000,1000,45:25:30,0.99,0.1,0.7,0.05,0.5,sorted,5,2,486,2675,2794,3772,237,2964,2864,4260,277,2809,2863,3771,5274328,0,259,0,3.13.5,CPython,Clang 20.1.4 ,Linux-7.0.0-27-generic-x86_64-with-glibc2.43,x86_64
2d5280abc4445cd5,sucesso,,escala-1e3,9e07c455a0456de5,sorted-list,amzn,/home/amanda/Documents/Graduacao/Unipampa/3_semestre/Estrutura de Dados/Avaliações/balanced-search-trees/SOSD/data/books_200M_uint32,,sosd,4,1000,1000,1000,45:25:30,0.99,0.1,0.7,0.05,0.5,sorted,5,3,486,2716,2794,3841,237,2862,2864,3423,277,2779,2794,3842,5263293,0,259,0,3.13.5,CPython,Clang 20.1.4 ,Linux-7.0.0-27-generic-x86_64-with-glibc2.43,x86_64
458ec46fe4a47947,sucesso,,escala-1e3,9e07c455a0456de5,sorted-list,amzn,/home/amanda/Documents/Graduacao/Unipampa/3_semestre/Estrutura de Dados/Avaliações/balanced-search-trees/SOSD/data/books_200M_uint32,,sosd,4,1000,1000,1000,45:25:30,0.99,0.1,0.7,0.05,0.5,sorted,5,4,486,2780,2863,3841,237,2891,2864,3423,277,2779,2863,3422,5366589,0,259,0,3.13.5,CPython,Clang 20.1.4 ,Linux-7.0.0-27-generic-x86_64-with-glibc2.43,x86_64
8b5dba137f0a4601,sucesso,,escala-1e3,9e07c455a0456de5,sorted-list,amzn,/home/amanda/Documents/Graduacao/Unipampa/3_semestre/Estrutura de Dados/Avaliações/balanced-search-trees/SOSD/data/books_200M_uint32,,sosd,4,1000,1000,1000,45:25:30,0.99,0.1,0.7,0.05,0.5,sorted,5,5,486,2725,2863,3423,237,2908,2864,3841,277,2855,2863,3841,5319585,0,259,0,3.13.5,CPython,Clang 20.1.4 ,Linux-7.0.0-27-generic-x86_64-with-glibc2.43,x86_64
488f0da0147cacc1,sucesso,,escala-1e3,e2b7aba098c4b5e9,avl,amzn,/home/amanda/Documents/Graduacao/Unipampa/3_semestre/Estrutura de Dados/Avaliações/balanced-search-trees/SOSD/data/books_200M_uint32,,sosd,4,1000,1000,1000,45:25:30,0.99,0.1,0.7,0.05,0.5,shuffle,5,1,468,9871,8591,13340,253,7696,7613,12990,279,2679,2445,3422,10009544,383,228,9,3.13.5,CPython,Clang 20.1.4 ,Linux-7.0.0-27-generic-x86_64-with-glibc2.43,x86_64
4e3c9b09c87e4f47,sucesso,,escala-1e3,e2b7aba098c4b5e9,avl,amzn,/home/amanda/Documents/Graduacao/Unipampa/3_semestre/Estrutura de Dados/Avaliações/balanced-search-trees/SOSD/data/books_200M_uint32,,sosd,4,1000,1000,1000,45:25:30,0.99,0.1,0.7,0.05,0.5,shuffle,5,2,468,9017,8590,21581,253,7634,7612,11873,279,2464,2375,3352,9478326,383,228,9,3.13.5,CPython,Clang 20.1.4 ,Linux-7.0.0-27-generic-x86_64-with-glibc2.43,x86_64
bd73f34f90260ce8,sucesso,,escala-1e3,e2b7aba098c4b5e9,avl,amzn,/home/amanda/Documents/Graduacao/Unipampa/3_semestre/Estrutura de Dados/Avaliações/balanced-search-trees/SOSD/data/books_200M_uint32,,sosd,4,1000,1000,1000,45:25:30,0.99,0.1,0.7,0.05,0.5,shuffle,5,3,468,8874,8521,13549,253,7482,7543,11733,279,2522,2375,3352,9481469,383,228,9,3.13.5,CPython,Clang 20.1.4 ,Linux-7.0.0-27-generic-x86_64-with-glibc2.43,x86_64
7fac8147e9115450,sucesso,,escala-1e3,e2b7aba098c4b5e9,avl,amzn,/home/amanda/Documents/Graduacao/Unipampa/3_semestre/Estrutura de Dados/Avaliações/balanced-search-trees/SOSD/data/books_200M_uint32,,sosd,4,1000,1000,1000,45:25:30,0.99,0.1,0.7,0.05,0.5,shuffle,5,4,468,8981,8590,14387,253,7497,7613,11245,279,2556,2444,3422,9586581,383,228,9,3.13.5,CPython,Clang 20.1.4 ,Linux-7.0.0-27-generic-x86_64-with-glibc2.43,x86_64
0911ee098a0b299d,sucesso,,escala-1e3,e2b7aba098c4b5e9,avl,amzn,/home/amanda/Documents/Graduacao/Unipampa/3_semestre/Estrutura de Dados/Avaliações/balanced-search-trees/SOSD/data/books_200M_uint32,,sosd,4,1000,1000,1000,45:25:30,0.99,0.1,0.7,0.05,0.5,shuffle,5,5,468,8913,8521,14318,253,7622,7613,12781,279,2429,2375,2934,9467920,383,228,9,3.13.5,CPython,Clang 20.1.4 ,Linux-7.0.0-27-generic-x86_64-with-glibc2.43,x86_64
3c4580fc41918b88,sucesso,,escala-1e3,e2b7aba098c4b5e9,sorted-list,amzn,/home/amanda/Documents/Graduacao/Unipampa/3_semestre/Estrutura de Dados/Avaliações/balanced-search-trees/SOSD/data/books_200M_uint32,,sosd,4,1000,1000,1000,45:25:30,0.99,0.1,0.7,0.05,0.5,shuffle,5,1,468,2924,2864,3841,253,3049,2864,3842,279,2893,2863,3841,5673754,0,228,0,3.13.5,CPython,Clang 20.1.4 ,Linux-7.0.0-27-generic-x86_64-with-glibc2.43,x86_64
6e3f6734e916b46c,sucesso,,escala-1e3,e2b7aba098c4b5e9,sorted-list,amzn,/home/amanda/Documents/Graduacao/Unipampa/3_semestre/Estrutura de Dados/Avaliações/balanced-search-trees/SOSD/data/books_200M_uint32,,sosd,4,1000,1000,1000,45:25:30,0.99,0.1,0.7,0.05,0.5,shuffle,5,2,468,2945,2864,3841,253,2957,2864,3841,279,2858,2863,3911,5573181,0,228,0,3.13.5,CPython,Clang 20.1.4 ,Linux-7.0.0-27-generic-x86_64-with-glibc2.43,x86_64
b15d65c1b226ec4d,sucesso,,escala-1e3,e2b7aba098c4b5e9,sorted-list,amzn,/home/amanda/Documents/Graduacao/Unipampa/3_semestre/Estrutura de Dados/Avaliações/balanced-search-trees/SOSD/data/books_200M_uint32,,sosd,4,1000,1000,1000,45:25:30,0.99,0.1,0.7,0.05,0.5,shuffle,5,3,468,2835,2863,3422,253,2933,2864,3423,279,2847,2863,3423,5493003,0,228,0,3.13.5,CPython,Clang 20.1.4 ,Linux-7.0.0-27-generic-x86_64-with-glibc2.43,x86_64
da2aaa5ee1d5a231,sucesso,,escala-1e3,e2b7aba098c4b5e9,sorted-list,amzn,/home/amanda/Documents/Graduacao/Unipampa/3_semestre/Estrutura de Dados/Avaliações/balanced-search-trees/SOSD/data/books_200M_uint32,,sosd,4,1000,1000,1000,45:25:30,0.99,0.1,0.7,0.05,0.5,shuffle,5,4,468,2891,2864,3841,253,2974,2864,3841,279,2802,2863,3422,5535746,0,228,0,3.13.5,CPython,Clang 20.1.4 ,Linux-7.0.0-27-generic-x86_64-with-glibc2.43,x86_64
51448f276ea08f85,sucesso,,escala-1e3,e2b7aba098c4b5e9,sorted-list,amzn,/home/amanda/Documents/Graduacao/Unipampa/3_semestre/Estrutura de Dados/Avaliações/balanced-search-trees/SOSD/data/books_200M_uint32,,sosd,4,1000,1000,1000,45:25:30,0.99,0.1,0.7,0.05,0.5,shuffle,5,5,468,2844,2864,3423,253,3040,2864,3422,279,2840,2863,3422,5498171,0,228,0,3.13.5,CPython,Clang 20.1.4 ,Linux-7.0.0-27-generic-x86_64-with-glibc2.43,x86_64
9a0ced859402200f,sucesso,,escala-1e4,7a5b153e3a1f258c,avl,amzn,/home/amanda/Documents/Graduacao/Unipampa/3_semestre/Estrutura de Dados/Avaliações/balanced-search-trees/SOSD/data/books_200M_uint32,,sosd,4,10000,10000,10000,45:25:30,0.99,0.1,0.7,0.05,0.5,sorted,5,1,4462,12750,12782,24095,2496,9779,10057,20115,3042,2794,2863,3423,116773434,4875,2092,13,3.13.5,CPython,Clang 20.1.4 ,Linux-7.0.0-27-generic-x86_64-with-glibc2.43,x86_64
558f0579f2981849,sucesso,,escala-1e4,7a5b153e3a1f258c,avl,amzn,/home/amanda/Documents/Graduacao/Unipampa/3_semestre/Estrutura de Dados/Avaliações/balanced-search-trees/SOSD/data/books_200M_uint32,,sosd,4,10000,10000,10000,45:25:30,0.99,0.1,0.7,0.05,0.5,sorted,5,2,4462,12820,12781,23886,2496,9840,10057,17321,3042,2823,2863,4330,118954949,4875,2092,13,3.13.5,CPython,Clang 20.1.4 ,Linux-7.0.0-27-generic-x86_64-with-glibc2.43,x86_64
2bc75ee0eb9a9bc8,sucesso,,escala-1e4,7a5b153e3a1f258c,avl,amzn,/home/amanda/Documents/Graduacao/Unipampa/3_semestre/Estrutura de Dados/Avaliações/balanced-search-trees/SOSD/data/books_200M_uint32,,sosd,4,10000,10000,10000,45:25:30,0.99,0.1,0.7,0.05,0.5,sorted,5,3,4462,12788,12851,24374,2496,9816,10058,18927,3042,2806,2863,3423,117273363,4875,2092,13,3.13.5,CPython,Clang 20.1.4 ,Linux-7.0.0-27-generic-x86_64-with-glibc2.43,x86_64
43efec30c61ca351,sucesso,,escala-1e4,7a5b153e3a1f258c,avl,amzn,/home/amanda/Documents/Graduacao/Unipampa/3_semestre/Estrutura de Dados/Avaliações/balanced-search-trees/SOSD/data/books_200M_uint32,,sosd,4,10000,10000,10000,45:25:30,0.99,0.1,0.7,0.05,0.5,sorted,5,4,4462,12632,12572,24375,2496,9748,9987,21302,3042,2785,2863,3772,116603089,4875,2092,13,3.13.5,CPython,Clang 20.1.4 ,Linux-7.0.0-27-generic-x86_64-with-glibc2.43,x86_64
a8c230051872836e,sucesso,,escala-1e4,7a5b153e3a1f258c,avl,amzn,/home/amanda/Documents/Graduacao/Unipampa/3_semestre/Estrutura de Dados/Avaliações/balanced-search-trees/SOSD/data/books_200M_uint32,,sosd,4,10000,10000,10000,45:25:30,0.99,0.1,0.7,0.05,0.5,sorted,5,5,4462,12750,12851,23747,2496,9894,10058,21512,3042,2803,2863,3423,117331332,4875,2092,13,3.13.5,CPython,Clang 20.1.4 ,Linux-7.0.0-27-generic-x86_64-with-glibc2.43,x86_64
1c8e67efcbfdcb1f,sucesso,,escala-1e4,7a5b153e3a1f258c,sorted-list,amzn,/home/amanda/Documents/Graduacao/Unipampa/3_semestre/Estrutura de Dados/Avaliações/balanced-search-trees/SOSD/data/books_200M_uint32,,sosd,4,10000,10000,10000,45:25:30,0.99,0.1,0.7,0.05,0.5,sorted,5,1,4462,3574,3702,4330,2496,3778,3841,4749,3042,3592,3771,4400,62279919,0,2092,0,3.13.5,CPython,Clang 20.1.4 ,Linux-7.0.0-27-generic-x86_64-with-glibc2.43,x86_64
cc15cac5ef722d7a,sucesso,,escala-1e4,7a5b153e3a1f258c,sorted-list,amzn,/home/amanda/Documents/Graduacao/Unipampa/3_semestre/Estrutura de Dados/Avaliações/balanced-search-trees/SOSD/data/books_200M_uint32,,sosd,4,10000,10000,10000,45:25:30,0.99,0.1,0.7,0.05,0.5,sorted,5,2,4462,3571,3702,4819,2496,3807,3841,5238,3042,3637,3771,5238,62366453,0,2092,0,3.13.5,CPython,Clang 20.1.4 ,Linux-7.0.0-27-generic-x86_64-with-glibc2.43,x86_64
3c6abbf844a87415,sucesso,,escala-1e4,7a5b153e3a1f258c,sorted-list,amzn,/home/amanda/Documents/Graduacao/Unipampa/3_semestre/Estrutura de Dados/Avaliações/balanced-search-trees/SOSD/data/books_200M_uint32,,sosd,4,10000,10000,10000,45:25:30,0.99,0.1,0.7,0.05,0.5,sorted,5,3,4462,3549,3701,4400,2496,3843,3841,5168,3042,3584,3771,4680,61878328,0,2092,0,3.13.5,CPython,Clang 20.1.4 ,Linux-7.0.0-27-generic-x86_64-with-glibc2.43,x86_64
f68120d780d5def7,sucesso,,escala-1e4,7a5b153e3a1f258c,sorted-list,amzn,/home/amanda/Documents/Graduacao/Unipampa/3_semestre/Estrutura de Dados/Avaliações/balanced-search-trees/SOSD/data/books_200M_uint32,,sosd,4,10000,10000,10000,45:25:30,0.99,0.1,0.7,0.05,0.5,sorted,5,4,4462,3567,3702,4750,2496,3927,3772,5308,3042,3617,3702,5238,62509629,0,2092,0,3.13.5,CPython,Clang 20.1.4 ,Linux-7.0.0-27-generic-x86_64-with-glibc2.43,x86_64
e4bf1d1c9d75fa1c,sucesso,,escala-1e4,7a5b153e3a1f258c,sorted-list,amzn,/home/amanda/Documents/Graduacao/Unipampa/3_semestre/Estrutura de Dados/Avaliações/balanced-search-trees/SOSD/data/books_200M_uint32,,sosd,4,10000,10000,10000,45:25:30,0.99,0.1,0.7,0.05,0.5,sorted,5,5,4462,3538,3423,4331,2496,3755,3772,4749,3042,3597,3702,4679,62095955,0,2092,0,3.13.5,CPython,Clang 20.1.4 ,Linux-7.0.0-27-generic-x86_64-with-glibc2.43,x86_64
c75f57aab58c6bbf,sucesso,,escala-1e4,311360722f28d6c9,avl,amzn,/home/amanda/Documents/Graduacao/Unipampa/3_semestre/Estrutura de Dados/Avaliações/balanced-search-trees/SOSD/data/books_200M_uint32,,sosd,4,10000,10000,10000,45:25:30,0.99,0.1,0.7,0.05,0.5,shuffle,5,1,4467,11687,11105,22280,2469,9941,9988,19975,3064,2835,2863,3771,113332179,3706,2119,13,3.13.5,CPython,Clang 20.1.4 ,Linux-7.0.0-27-generic-x86_64-with-glibc2.43,x86_64
89c14ada4cee337b,sucesso,,escala-1e4,311360722f28d6c9,avl,amzn,/home/amanda/Documents/Graduacao/Unipampa/3_semestre/Estrutura de Dados/Avaliações/balanced-search-trees/SOSD/data/books_200M_uint32,,sosd,4,10000,10000,10000,45:25:30,0.99,0.1,0.7,0.05,0.5,shuffle,5,2,4467,11710,11035,24514,2469,9772,9987,15505,3064,2799,2863,3423,112175246,3706,2119,13,3.13.5,CPython,Clang 20.1.4 ,Linux-7.0.0-27-generic-x86_64-with-glibc2.43,x86_64
5c21dcf83de98b31,sucesso,,escala-1e4,311360722f28d6c9,avl,amzn,/home/amanda/Documents/Graduacao/Unipampa/3_semestre/Estrutura de Dados/Avaliações/balanced-search-trees/SOSD/data/books_200M_uint32,,sosd,4,10000,10000,10000,45:25:30,0.99,0.1,0.7,0.05,0.5,shuffle,5,3,4467,11719,11035,22070,2469,9764,9987,16203,3064,2812,2863,3771,112349084,3706,2119,13,3.13.5,CPython,Clang 20.1.4 ,Linux-7.0.0-27-generic-x86_64-with-glibc2.43,x86_64
885c7389bf84576b,sucesso,,escala-1e4,311360722f28d6c9,avl,amzn,/home/amanda/Documents/Graduacao/Unipampa/3_semestre/Estrutura de Dados/Avaliações/balanced-search-trees/SOSD/data/books_200M_uint32,,sosd,4,10000,10000,10000,45:25:30,0.99,0.1,0.7,0.05,0.5,shuffle,5,4,4467,11643,11105,22070,2469,9972,10057,21302,3064,2816,2863,3423,113006437,3706,2119,13,3.13.5,CPython,Clang 20.1.4 ,Linux-7.0.0-27-generic-x86_64-with-glibc2.43,x86_64
528461e4666eec5e,sucesso,,escala-1e4,311360722f28d6c9,avl,amzn,/home/amanda/Documents/Graduacao/Unipampa/3_semestre/Estrutura de Dados/Avaliações/balanced-search-trees/SOSD/data/books_200M_uint32,,sosd,4,10000,10000,10000,45:25:30,0.99,0.1,0.7,0.05,0.5,shuffle,5,5,4467,13561,11035,22769,2469,9872,9987,20534,3064,2912,2863,3772,121639395,3706,2119,13,3.13.5,CPython,Clang 20.1.4 ,Linux-7.0.0-27-generic-x86_64-with-glibc2.43,x86_64
20401ad6e73858ae,sucesso,,escala-1e4,311360722f28d6c9,sorted-list,amzn,/home/amanda/Documents/Graduacao/Unipampa/3_semestre/Estrutura de Dados/Avaliações/balanced-search-trees/SOSD/data/books_200M_uint32,,sosd,4,10000,10000,10000,45:25:30,0.99,0.1,0.7,0.05,0.5,shuffle,5,1,4467,3944,3841,5168,2469,4053,3772,4888,3064,3664,3771,4750,66972672,0,2119,0,3.13.5,CPython,Clang 20.1.4 ,Linux-7.0.0-27-generic-x86_64-with-glibc2.43,x86_64
978923fa268a721a,sucesso,,escala-1e4,311360722f28d6c9,sorted-list,amzn,/home/amanda/Documents/Graduacao/Unipampa/3_semestre/Estrutura de Dados/Avaliações/balanced-search-trees/SOSD/data/books_200M_uint32,,sosd,4,10000,10000,10000,45:25:30,0.99,0.1,0.7,0.05,0.5,shuffle,5,2,4467,3930,3841,5587,2469,3878,3841,5308,3064,3637,3771,4889,64774256,0,2119,0,3.13.5,CPython,Clang 20.1.4 ,Linux-7.0.0-27-generic-x86_64-with-glibc2.43,x86_64
538414eb45d7c954,sucesso,,escala-1e4,311360722f28d6c9,sorted-list,amzn,/home/amanda/Documents/Graduacao/Unipampa/3_semestre/Estrutura de Dados/Avaliações/balanced-search-trees/SOSD/data/books_200M_uint32,,sosd,4,10000,10000,10000,45:25:30,0.99,0.1,0.7,0.05,0.5,shuffle,5,3,4467,3903,3841,5657,2469,3879,3841,5378,3064,3598,3771,4889,64486157,0,2119,0,3.13.5,CPython,Clang 20.1.4 ,Linux-7.0.0-27-generic-x86_64-with-glibc2.43,x86_64
76beaf5ac8988f26,sucesso,,escala-1e4,311360722f28d6c9,sorted-list,amzn,/home/amanda/Documents/Graduacao/Unipampa/3_semestre/Estrutura de Dados/Avaliações/balanced-search-trees/SOSD/data/books_200M_uint32,,sosd,4,10000,10000,10000,45:25:30,0.99,0.1,0.7,0.05,0.5,shuffle,5,4,4467,3919,3841,5867,2469,3915,3841,5727,3064,3610,3771,5238,64390334,0,2119,0,3.13.5,CPython,Clang 20.1.4 ,Linux-7.0.0-27-generic-x86_64-with-glibc2.43,x86_64
979054f8cc5f9287,sucesso,,escala-1e4,311360722f28d6c9,sorted-list,amzn,/home/amanda/Documents/Graduacao/Unipampa/3_semestre/Estrutura de Dados/Avaliações/balanced-search-trees/SOSD/data/books_200M_uint32,,sosd,4,10000,10000,10000,45:25:30,0.99,0.1,0.7,0.05,0.5,shuffle,5,5,4467,4153,3841,5657,2469,4064,3841,5308,3064,4132,3702,5238,68979302,0,2119,0,3.13.5,CPython,Clang 20.1.4 ,Linux-7.0.0-27-generic-x86_64-with-glibc2.43,x86_64
2ba47080f160584b,sucesso,,sensibilidade-theta-1e5,977fe4b05bf838ce,avl,amzn,/home/amanda/Documents/Graduacao/Unipampa/3_semestre/Estrutura de Dados/Avaliações/balanced-search-trees/SOSD/data/books_200M_uint32,,sosd,4,100000,100000,100000,45:25:30,0.0,0.1,0.7,0.05,0.5,sorted,5,1,45126,16366,15645,28147,24944,13289,13340,25003,29930,3435,3352,5657,1457429630,49970,21382,16,3.13.5,CPython,Clang 20.1.4 ,Linux-7.0.0-27-generic-x86_64-with-glibc2.43,x86_64
247c2efc9c670fab,sucesso,,sensibilidade-theta-1e5,977fe4b05bf838ce,avl,amzn,/home/amanda/Documents/Graduacao/Unipampa/3_semestre/Estrutura de Dados/Avaliações/balanced-search-trees/SOSD/data/books_200M_uint32,,sosd,4,100000,100000,100000,45:25:30,0.0,0.1,0.7,0.05,0.5,sorted,5,2,45126,15942,15645,28007,24944,12999,13270,24724,29930,3381,3352,5238,1420419102,49970,21382,16,3.13.5,CPython,Clang 20.1.4 ,Linux-7.0.0-27-generic-x86_64-with-glibc2.43,x86_64
02c79dc70aebc312,sucesso,,sensibilidade-theta-1e5,977fe4b05bf838ce,avl,amzn,/home/amanda/Documents/Graduacao/Unipampa/3_semestre/Estrutura de Dados/Avaliações/balanced-search-trees/SOSD/data/books_200M_uint32,,sosd,4,100000,100000,100000,45:25:30,0.0,0.1,0.7,0.05,0.5,sorted,5,3,45126,16590,15784,29544,24944,13395,13340,26190,29930,3454,3352,6216,1470881337,49970,21382,16,3.13.5,CPython,Clang 20.1.4 ,Linux-7.0.0-27-generic-x86_64-with-glibc2.43,x86_64
05aaf15660d5a1a1,sucesso,,sensibilidade-theta-1e5,977fe4b05bf838ce,avl,amzn,/home/amanda/Documents/Graduacao/Unipampa/3_semestre/Estrutura de Dados/Avaliações/balanced-search-trees/SOSD/data/books_200M_uint32,,sosd,4,100000,100000,100000,45:25:30,0.0,0.1,0.7,0.05,0.5,sorted,5,4,45126,15812,15575,27658,24944,12583,12851,24096,29930,3243,3283,4749,1396410638,49970,21382,16,3.13.5,CPython,Clang 20.1.4 ,Linux-7.0.0-27-generic-x86_64-with-glibc2.43,x86_64
26012cf0f5098b58,sucesso,,sensibilidade-theta-1e5,977fe4b05bf838ce,avl,amzn,/home/amanda/Documents/Graduacao/Unipampa/3_semestre/Estrutura de Dados/Avaliações/balanced-search-trees/SOSD/data/books_200M_uint32,,sosd,4,100000,100000,100000,45:25:30,0.0,0.1,0.7,0.05,0.5,sorted,5,5,45126,16022,15644,28565,24944,12865,13130,24933,29930,3326,3283,5168,1419419104,49970,21382,16,3.13.5,CPython,Clang 20.1.4 ,Linux-7.0.0-27-generic-x86_64-with-glibc2.43,x86_64
9e80975537b9e1f2,sucesso,,sensibilidade-theta-1e5,977fe4b05bf838ce,sorted-list,amzn,/home/amanda/Documents/Graduacao/Unipampa/3_semestre/Estrutura de Dados/Avaliações/balanced-search-trees/SOSD/data/books_200M_uint32,,sosd,4,100000,100000,100000,45:25:30,0.0,0.1,0.7,0.05,0.5,sorted,5,1,45126,4329,4330,5308,24944,5633,5308,9150,29930,4440,4331,5657,727810535,0,21382,0,3.13.5,CPython,Clang 20.1.4 ,Linux-7.0.0-27-generic-x86_64-with-glibc2.43,x86_64
dc063d8d9088d715,sucesso,,sensibilidade-theta-1e5,977fe4b05bf838ce,sorted-list,amzn,/home/amanda/Documents/Graduacao/Unipampa/3_semestre/Estrutura de Dados/Avaliações/balanced-search-trees/SOSD/data/books_200M_uint32,,sosd,4,100000,100000,100000,45:25:30,0.0,0.1,0.7,0.05,0.5,sorted,5,2,45126,4348,4330,5657,24944,5695,5308,9918,29930,4502,4400,6146,731444554,0,21382,0,3.13.5,CPython,Clang 20.1.4 ,Linux-7.0.0-27-generic-x86_64-with-glibc2.43,x86_64
090751f25a5178d0,sucesso,,sensibilidade-theta-1e5,977fe4b05bf838ce,sorted-list,amzn,/home/amanda/Documents/Graduacao/Unipampa/3_semestre/Estrutura de Dados/Avaliações/balanced-search-trees/SOSD/data/books_200M_uint32,,sosd,4,100000,100000,100000,45:25:30,0.0,0.1,0.7,0.05,0.5,sorted,5,3,45126,4370,4330,5727,24944,5703,5308,9639,29930,4507,4400,6146,735579130,0,21382,0,3.13.5,CPython,Clang 20.1.4 ,Linux-7.0.0-27-generic-x86_64-with-glibc2.43,x86_64
7b9e0b49f8f05a01,sucesso,,sensibilidade-theta-1e5,977fe4b05bf838ce,sorted-list,amzn,/home/amanda/Documents/Graduacao/Unipampa/3_semestre/Estrutura de Dados/Avaliações/balanced-search-trees/SOSD/data/books_200M_uint32,,sosd,4,100000,100000,100000,45:25:30,0.0,0.1,0.7,0.05,0.5,sorted,5,4,45126,4356,4330,5657,24944,5678,5308,9289,29930,4494,4400,5867,735014807,0,21382,0,3.13.5,CPython,Clang 20.1.4 ,Linux-7.0.0-27-generic-x86_64-with-glibc2.43,x86_64
be3d9bd722f1c13f,sucesso,,sensibilidade-theta-1e5,977fe4b05bf838ce,sorted-list,amzn,/home/amanda/Documents/Graduacao/Unipampa/3_semestre/Estrutura de Dados/Avaliações/balanced-search-trees/SOSD/data/books_200M_uint32,,sosd,4,100000,100000,100000,45:25:30,0.0,0.1,0.7,0.05,0.5,sorted,5,5,45126,4345,4330,5308,24944,5665,5308,9359,29930,4486,4400,5796,731080887,0,21382,0,3.13.5,CPython,Clang 20.1.4 ,Linux-7.0.0-27-generic-x86_64-with-glibc2.43,x86_64
00ebbd7e82bf4d67,sucesso,,sensibilidade-theta-1e5,629e55d1a93f72b8,avl,amzn,/home/amanda/Documents/Graduacao/Unipampa/3_semestre/Estrutura de Dados/Avaliações/balanced-search-trees/SOSD/data/books_200M_uint32,,sosd,4,100000,100000,100000,45:25:30,0.0,0.1,0.7,0.05,0.5,shuffle,5,1,45035,15039,14317,27099,25115,12955,13200,24934,29850,3303,3283,4749,1380794387,38346,21141,17,3.13.5,CPython,Clang 20.1.4 ,Linux-7.0.0-27-generic-x86_64-with-glibc2.43,x86_64
e00dc4169bfb85e5,sucesso,,sensibilidade-theta-1e5,629e55d1a93f72b8,avl,amzn,/home/amanda/Documents/Graduacao/Unipampa/3_semestre/Estrutura de Dados/Avaliações/balanced-search-trees/SOSD/data/books_200M_uint32,,sosd,4,100000,100000,100000,45:25:30,0.0,0.1,0.7,0.05,0.5,shuffle,5,2,45035,15167,14318,27308,25115,13087,13200,25143,29850,3305,3283,4749,1392225077,38346,21141,17,3.13.5,CPython,Clang 20.1.4 ,Linux-7.0.0-27-generic-x86_64-with-glibc2.43,x86_64
93d0d24b2556f9c2,sucesso,,sensibilidade-theta-1e5,629e55d1a93f72b8,avl,amzn,/home/amanda/Documents/Graduacao/Unipampa/3_semestre/Estrutura de Dados/Avaliações/balanced-search-trees/SOSD/data/books_200M_uint32,,sosd,4,100000,100000,100000,45:25:30,0.0,0.1,0.7,0.05,0.5,shuffle,5,3,45035,19178,14317,27169,25115,13043,13201,25283,29850,3323,3283,4750,1566430767,38346,21141,17,3.13.5,CPython,Clang 20.1.4 ,Linux-7.0.0-27-generic-x86_64-with-glibc2.43,x86_64
17420bacfead32bf,sucesso,,sensibilidade-theta-1e5,629e55d1a93f72b8,avl,amzn,/home/amanda/Documents/Graduacao/Unipampa/3_semestre/Estrutura de Dados/Avaliações/balanced-search-trees/SOSD/data/books_200M_uint32,,sosd,4,100000,100000,100000,45:25:30,0.0,0.1,0.7,0.05,0.5,shuffle,5,4,45035,14981,14248,27169,25115,12998,13200,24934,29850,3308,3283,4749,1373912717,38346,21141,17,3.13.5,CPython,Clang 20.1.4 ,Linux-7.0.0-27-generic-x86_64-with-glibc2.43,x86_64
62c04a9fb5924de6,sucesso,,sensibilidade-theta-1e5,629e55d1a93f72b8,avl,amzn,/home/amanda/Documents/Graduacao/Unipampa/3_semestre/Estrutura de Dados/Avaliações/balanced-search-trees/SOSD/data/books_200M_uint32,,sosd,4,100000,100000,100000,45:25:30,0.0,0.1,0.7,0.05,0.5,shuffle,5,5,45035,15084,14317,26680,25115,13051,13200,25213,29850,3343,3283,4819,1381488966,38346,21141,17,3.13.5,CPython,Clang 20.1.4 ,Linux-7.0.0-27-generic-x86_64-with-glibc2.43,x86_64
960348d1ab6f7856,sucesso,,sensibilidade-theta-1e5,629e55d1a93f72b8,sorted-list,amzn,/home/amanda/Documents/Graduacao/Unipampa/3_semestre/Estrutura de Dados/Avaliações/balanced-search-trees/SOSD/data/books_200M_uint32,,sosd,4,100000,100000,100000,45:25:30,0.0,0.1,0.7,0.05,0.5,shuffle,5,1,45035,6551,6146,12501,25115,5671,5308,9079,29850,4565,4679,6216,837651034,0,21141,0,3.13.5,CPython,Clang 20.1.4 ,Linux-7.0.0-27-generic-x86_64-with-glibc2.43,x86_64
3ed7cadf44363daa,sucesso,,sensibilidade-theta-1e5,629e55d1a93f72b8,sorted-list,amzn,/home/amanda/Documents/Graduacao/Unipampa/3_semestre/Estrutura de Dados/Avaliações/balanced-search-trees/SOSD/data/books_200M_uint32,,sosd,4,100000,100000,100000,45:25:30,0.0,0.1,0.7,0.05,0.5,shuffle,5,2,45035,6519,6076,12502,25115,5673,5308,9638,29850,4532,4609,6146,834869368,0,21141,0,3.13.5,CPython,Clang 20.1.4 ,Linux-7.0.0-27-generic-x86_64-with-glibc2.43,x86_64
ef3241e7758f02ce,sucesso,,sensibilidade-theta-1e5,629e55d1a93f72b8,sorted-list,amzn,/home/amanda/Documents/Graduacao/Unipampa/3_semestre/Estrutura de Dados/Avaliações/balanced-search-trees/SOSD/data/books_200M_uint32,,sosd,4,100000,100000,100000,45:25:30,0.0,0.1,0.7,0.05,0.5,shuffle,5,3,45035,6477,6076,12292,25115,5629,5308,9079,29850,4528,4400,5727,832622341,0,21141,0,3.13.5,CPython,Clang 20.1.4 ,Linux-7.0.0-27-generic-x86_64-with-glibc2.43,x86_64
32fca8cf62ab1a98,sucesso,,sensibilidade-theta-1e5,629e55d1a93f72b8,sorted-list,amzn,/home/amanda/Documents/Graduacao/Unipampa/3_semestre/Estrutura de Dados/Avaliações/balanced-search-trees/SOSD/data/books_200M_uint32,,sosd,4,100000,100000,100000,45:25:30,0.0,0.1,0.7,0.05,0.5,shuffle,5,4,45035,6484,6076,12292,25115,5632,5308,9010,29850,4512,4400,5658,831967643,0,21141,0,3.13.5,CPython,Clang 20.1.4 ,Linux-7.0.0-27-generic-x86_64-with-glibc2.43,x86_64
623cce8bc82576df,sucesso,,sensibilidade-theta-1e5,629e55d1a93f72b8,sorted-list,amzn,/home/amanda/Documents/Graduacao/Unipampa/3_semestre/Estrutura de Dados/Avaliações/balanced-search-trees/SOSD/data/books_200M_uint32,,sosd,4,100000,100000,100000,45:25:30,0.0,0.1,0.7,0.05,0.5,shuffle,5,5,45035,6601,6146,13479,25115,5727,5308,10616,29850,4582,4679,6774,842441706,0,21141,0,3.13.5,CPython,Clang 20.1.4 ,Linux-7.0.0-27-generic-x86_64-with-glibc2.43,x86_64
140f577e7a8f185b,sucesso,,sensibilidade-theta-1e5,0b9ee4a2ef82d383,avl,amzn,/home/amanda/Documents/Graduacao/Unipampa/3_semestre/Estrutura de Dados/Avaliações/balanced-search-trees/SOSD/data/books_200M_uint32,,sosd,4,100000,100000,100000,45:25:30,0.6,0.1,0.7,0.05,0.5,sorted,5,1,45126,16008,15645,27588,24944,12879,13201,24305,29930,3340,3283,4820,1420149860,49756,21382,16,3.13.5,CPython,Clang 20.1.4 ,Linux-7.0.0-27-generic-x86_64-with-glibc2.43,x86_64
b106c7017c4f946b,sucesso,,sensibilidade-theta-1e5,0b9ee4a2ef82d383,avl,amzn,/home/amanda/Documents/Graduacao/Unipampa/3_semestre/Estrutura de Dados/Avaliações/balanced-search-trees/SOSD/data/books_200M_uint32,,sosd,4,100000,100000,100000,45:25:30,0.6,0.1,0.7,0.05,0.5,sorted,5,2,45126,16034,15505,27727,24944,12928,13200,24724,29930,3351,3283,5308,1418718380,49756,21382,16,3.13.5,CPython,Clang 20.1.4 ,Linux-7.0.0-27-generic-x86_64-with-glibc2.43,x86_64
2a501e369569ef0e,sucesso,,sensibilidade-theta-1e5,0b9ee4a2ef82d383,avl,amzn,/home/amanda/Documents/Graduacao/Unipampa/3_semestre/Estrutura de Dados/Avaliações/balanced-search-trees/SOSD/data/books_200M_uint32,,sosd,4,100000,100000,100000,45:25:30,0.6,0.1,0.7,0.05,0.5,sorted,5,3,45126,15989,15575,27728,24944,12780,12921,24305,29930,3293,3283,5169,1411509010,49756,21382,16,3.13.5,CPython,Clang 20.1.4 ,Linux-7.0.0-27-generic-x86_64-with-glibc2.43,x86_64
7d8314c80b4a9802,sucesso,,sensibilidade-theta-1e5,0b9ee4a2ef82d383,avl,amzn,/home/amanda/Documents/Graduacao/Unipampa/3_semestre/Estrutura de Dados/Avaliações/balanced-search-trees/SOSD/data/books_200M_uint32,,sosd,4,100000,100000,100000,45:25:30,0.6,0.1,0.7,0.05,0.5,sorted,5,4,45126,15955,15505,27727,24944,12805,12990,24375,29930,3310,3283,4819,1410839225,49756,21382,16,3.13.5,CPython,Clang 20.1.4 ,Linux-7.0.0-27-generic-x86_64-with-glibc2.43,x86_64
e7aab26593f514d8,sucesso,,sensibilidade-theta-1e5,0b9ee4a2ef82d383,avl,amzn,/home/amanda/Documents/Graduacao/Unipampa/3_semestre/Estrutura de Dados/Avaliações/balanced-search-trees/SOSD/data/books_200M_uint32,,sosd,4,100000,100000,100000,45:25:30,0.6,0.1,0.7,0.05,0.5,sorted,5,5,45126,15904,15644,28217,24944,12949,13270,24096,29930,3353,3283,5168,1414616210,49756,21382,16,3.13.5,CPython,Clang 20.1.4 ,Linux-7.0.0-27-generic-x86_64-with-glibc2.43,x86_64
f6c80ef257fc62dd,sucesso,,sensibilidade-theta-1e5,0b9ee4a2ef82d383,sorted-list,amzn,/home/amanda/Documents/Graduacao/Unipampa/3_semestre/Estrutura de Dados/Avaliações/balanced-search-trees/SOSD/data/books_200M_uint32,,sosd,4,100000,100000,100000,45:25:30,0.6,0.1,0.7,0.05,0.5,sorted,5,1,45126,4361,4330,5378,24944,5661,5308,9219,29930,4470,4331,5797,730907120,0,21382,0,3.13.5,CPython,Clang 20.1.4 ,Linux-7.0.0-27-generic-x86_64-with-glibc2.43,x86_64
6d6469c49c85bcee,sucesso,,sensibilidade-theta-1e5,0b9ee4a2ef82d383,sorted-list,amzn,/home/amanda/Documents/Graduacao/Unipampa/3_semestre/Estrutura de Dados/Avaliações/balanced-search-trees/SOSD/data/books_200M_uint32,,sosd,4,100000,100000,100000,45:25:30,0.6,0.1,0.7,0.05,0.5,sorted,5,2,45126,4362,4330,5657,24944,5656,5308,9219,29930,4478,4331,5727,730837557,0,21382,0,3.13.5,CPython,Clang 20.1.4 ,Linux-7.0.0-27-generic-x86_64-with-glibc2.43,x86_64
c0e537d1987b4181,sucesso,,sensibilidade-theta-1e5,0b9ee4a2ef82d383,sorted-list,amzn,/home/amanda/Documents/Graduacao/Unipampa/3_semestre/Estrutura de Dados/Avaliações/balanced-search-trees/SOSD/data/books_200M_uint32,,sosd,4,100000,100000,100000,45:25:30,0.6,0.1,0.7,0.05,0.5,sorted,5,3,45126,4373,4330,5657,24944,5670,5308,9359,29930,4481,4331,5797,732756676,0,21382,0,3.13.5,CPython,Clang 20.1.4 ,Linux-7.0.0-27-generic-x86_64-with-glibc2.43,x86_64
267be548d52830b5,sucesso,,sensibilidade-theta-1e5,0b9ee4a2ef82d383,sorted-list,amzn,/home/amanda/Documents/Graduacao/Unipampa/3_semestre/Estrutura de Dados/Avaliações/balanced-search-trees/SOSD/data/books_200M_uint32,,sosd,4,100000,100000,100000,45:25:30,0.6,0.1,0.7,0.05,0.5,sorted,5,4,45126,4394,4330,5727,24944,5703,5308,9359,29930,4529,4400,6146,736439304,0,21382,0,3.13.5,CPython,Clang 20.1.4 ,Linux-7.0.0-27-generic-x86_64-with-glibc2.43,x86_64
06f26841cac6f219,sucesso,,sensibilidade-theta-1e5,0b9ee4a2ef82d383,sorted-list,amzn,/home/amanda/Documents/Graduacao/Unipampa/3_semestre/Estrutura de Dados/Avaliações/balanced-search-trees/SOSD/data/books_200M_uint32,,sosd,4,100000,100000,100000,45:25:30,0.6,0.1,0.7,0.05,0.5,sorted,5,5,45126,4361,4330,5377,24944,5666,5308,9219,29930,4478,4331,5797,732151913,0,21382,0,3.13.5,CPython,Clang 20.1.4 ,Linux-7.0.0-27-generic-x86_64-with-glibc2.43,x86_64
e05fe0580e7acb09,sucesso,,sensibilidade-theta-1e5,8117cc2b4491e86c,avl,amzn,/home/amanda/Documents/Graduacao/Unipampa/3_semestre/Estrutura de Dados/Avaliações/balanced-search-trees/SOSD/data/books_200M_uint32,,sosd,4,100000,100000,100000,45:25:30,0.6,0.1,0.7,0.05,0.5,shuffle,5,1,45035,14837,14108,26749,25115,12804,12991,25073,29850,3278,3283,4679,1358822587,38123,21141,17,3.13.5,CPython,Clang 20.1.4 ,Linux-7.0.0-27-generic-x86_64-with-glibc2.43,x86_64
0b4b01b2763d0928,sucesso,,sensibilidade-theta-1e5,8117cc2b4491e86c,avl,amzn,/home/amanda/Documents/Graduacao/Unipampa/3_semestre/Estrutura de Dados/Avaliações/balanced-search-trees/SOSD/data/books_200M_uint32,,sosd,4,100000,100000,100000,45:25:30,0.6,0.1,0.7,0.05,0.5,shuffle,5,2,45035,14879,14178,27099,25115,12839,12991,25073,29850,3284,3283,4749,1361077994,38123,21141,17,3.13.5,CPython,Clang 20.1.4 ,Linux-7.0.0-27-generic-x86_64-with-glibc2.43,x86_64
d033ab65ff94d43f,sucesso,,sensibilidade-theta-1e5,8117cc2b4491e86c,avl,amzn,/home/amanda/Documents/Graduacao/Unipampa/3_semestre/Estrutura de Dados/Avaliações/balanced-search-trees/SOSD/data/books_200M_uint32,,sosd,4,100000,100000,100000,45:25:30,0.6,0.1,0.7,0.05,0.5,shuffle,5,3,45035,20743,14248,27168,25115,12956,13131,24794,29850,3334,3283,4819,1637016646,38123,21141,17,3.13.5,CPython,Clang 20.1.4 ,Linux-7.0.0-27-generic-x86_64-with-glibc2.43,x86_64
9893b29aea12ee9c,sucesso,,sensibilidade-theta-1e5,8117cc2b4491e86c,avl,amzn,/home/amanda/Documents/Graduacao/Unipampa/3_semestre/Estrutura de Dados/Avaliações/balanced-search-trees/SOSD/data/books_200M_uint32,,sosd,4,100000,100000,100000,45:25:30,0.6,0.1,0.7,0.05,0.5,shuffle,5,4,45035,14751,14038,26609,25115,12704,12921,23747,29850,3243,3283,4331,1354010124,38123,21141,17,3.13.5,CPython,Clang 20.1.4 ,Linux-7.0.0-27-generic-x86_64-with-glibc2.43,x86_64
297e7a321879dc1c,sucesso,,sensibilidade-theta-1e5,8117cc2b4491e86c,avl,amzn,/home/amanda/Documents/Graduacao/Unipampa/3_semestre/Estrutura de Dados/Avaliações/balanced-search-trees/SOSD/data/books_200M_uint32,,sosd,4,100000,100000,100000,45:25:30,0.6,0.1,0.7,0.05,0.5,shuffle,5,5,45035,14836,14178,26121,25115,12792,12991,24794,29850,3261,3283,4331,1358439713,38123,21141,17,3.13.5,CPython,Clang 20.1.4 ,Linux-7.0.0-27-generic-x86_64-with-glibc2.43,x86_64
4b85654ff17ea8fe,sucesso,,sensibilidade-theta-1e5,8117cc2b4491e86c,sorted-list,amzn,/home/amanda/Documents/Graduacao/Unipampa/3_semestre/Estrutura de Dados/Avaliações/balanced-search-trees/SOSD/data/books_200M_uint32,,sosd,4,100000,100000,100000,45:25:30,0.6,0.1,0.7,0.05,0.5,shuffle,5,1,45035,6484,6076,12292,25115,5612,5308,9009,29850,4520,4679,5727,824650786,0,21141,0,3.13.5,CPython,Clang 20.1.4 ,Linux-7.0.0-27-generic-x86_64-with-glibc2.43,x86_64
18a1b2e9d6c628fe,sucesso,,sensibilidade-theta-1e5,8117cc2b4491e86c,sorted-list,amzn,/home/amanda/Documents/Graduacao/Unipampa/3_semestre/Estrutura de Dados/Avaliações/balanced-search-trees/SOSD/data/books_200M_uint32,,sosd,4,100000,100000,100000,45:25:30,0.6,0.1,0.7,0.05,0.5,shuffle,5,2,45035,6502,6076,12781,25115,5639,5308,9638,29850,4517,4609,6216,831078135,0,21141,0,3.13.5,CPython,Clang 20.1.4 ,Linux-7.0.0-27-generic-x86_64-with-glibc2.43,x86_64
0f8337401f96207e,sucesso,,sensibilidade-theta-1e5,8117cc2b4491e86c,sorted-list,amzn,/home/amanda/Documents/Graduacao/Unipampa/3_semestre/Estrutura de Dados/Avaliações/balanced-search-trees/SOSD/data/books_200M_uint32,,sosd,4,100000,100000,100000,45:25:30,0.6,0.1,0.7,0.05,0.5,shuffle,5,3,45035,6495,6076,12293,25115,5627,5308,9010,29850,4514,4610,5657,832861829,0,21141,0,3.13.5,CPython,Clang 20.1.4 ,Linux-7.0.0-27-generic-x86_64-with-glibc2.43,x86_64
9e13cc573b5dc540,sucesso,,sensibilidade-theta-1e5,8117cc2b4491e86c,sorted-list,amzn,/home/amanda/Documents/Graduacao/Unipampa/3_semestre/Estrutura de Dados/Avaliações/balanced-search-trees/SOSD/data/books_200M_uint32,,sosd,4,100000,100000,100000,45:25:30,0.6,0.1,0.7,0.05,0.5,shuffle,5,4,45035,6476,6076,12153,25115,5627,5308,9079,29850,4495,4400,5657,830697496,0,21141,0,3.13.5,CPython,Clang 20.1.4 ,Linux-7.0.0-27-generic-x86_64-with-glibc2.43,x86_64
02981a08d3892ea2,sucesso,,sensibilidade-theta-1e5,8117cc2b4491e86c,sorted-list,amzn,/home/amanda/Documents/Graduacao/Unipampa/3_semestre/Estrutura de Dados/Avaliações/balanced-search-trees/SOSD/data/books_200M_uint32,,sosd,4,100000,100000,100000,45:25:30,0.6,0.1,0.7,0.05,0.5,shuffle,5,5,45035,6481,6076,12431,25115,5614,5308,9219,29850,4499,4609,5797,825272869,0,21141,0,3.13.5,CPython,Clang 20.1.4 ,Linux-7.0.0-27-generic-x86_64-with-glibc2.43,x86_64
450132566c144e5f,sucesso,,sensibilidade-theta-1e5,b5f5b5dfb14e37ba,avl,amzn,/home/amanda/Documents/Graduacao/Unipampa/3_semestre/Estrutura de Dados/Avaliações/balanced-search-trees/SOSD/data/books_200M_uint32,,sosd,4,100000,100000,100000,45:25:30,0.99,0.1,0.7,0.05,0.5,sorted,5,1,45126,15595,15575,27448,24944,12800,13130,24444,29930,3287,3283,4819,1394453385,49613,21382,16,3.13.5,CPython,Clang 20.1.4 ,Linux-7.0.0-27-generic-x86_64-with-glibc2.43,x86_64
0516c44236445c89,sucesso,,sensibilidade-theta-1e5,b5f5b5dfb14e37ba,avl,amzn,/home/amanda/Documents/Graduacao/Unipampa/3_semestre/Estrutura de Dados/Avaliações/balanced-search-trees/SOSD/data/books_200M_uint32,,sosd,4,100000,100000,100000,45:25:30,0.99,0.1,0.7,0.05,0.5,sorted,5,2,45126,15888,15644,27728,24944,12821,13200,24724,29930,3279,3283,4819,1406669937,49613,21382,16,3.13.5,CPython,Clang 20.1.4 ,Linux-7.0.0-27-generic-x86_64-with-glibc2.43,x86_64
bba32bd7993eb40e,sucesso,,sensibilidade-theta-1e5,b5f5b5dfb14e37ba,avl,amzn,/home/amanda/Documents/Graduacao/Unipampa/3_semestre/Estrutura de Dados/Avaliações/balanced-search-trees/SOSD/data/books_200M_uint32,,sosd,4,100000,100000,100000,45:25:30,0.99,0.1,0.7,0.05,0.5,sorted,5,3,45126,15804,15435,27657,24944,12797,13130,23886,29930,3288,3283,4819,1404133416,49613,21382,16,3.13.5,CPython,Clang 20.1.4 ,Linux-7.0.0-27-generic-x86_64-with-glibc2.43,x86_64
abfaf1a40fb07581,sucesso,,sensibilidade-theta-1e5,b5f5b5dfb14e37ba,avl,amzn,/home/amanda/Documents/Graduacao/Unipampa/3_semestre/Estrutura de Dados/Avaliações/balanced-search-trees/SOSD/data/books_200M_uint32,,sosd,4,100000,100000,100000,45:25:30,0.99,0.1,0.7,0.05,0.5,sorted,5,4,45126,15921,15645,27587,24944,12909,13270,24863,29930,3300,3283,4819,1412425057,49613,21382,16,3.13.5,CPython,Clang 20.1.4 ,Linux-7.0.0-27-generic-x86_64-with-glibc2.43,x86_64
5c5cc5d400b2a1e9,sucesso,,sensibilidade-theta-1e5,b5f5b5dfb14e37ba,avl,amzn,/home/amanda/Documents/Graduacao/Unipampa/3_semestre/Estrutura de Dados/Avaliações/balanced-search-trees/SOSD/data/books_200M_uint32,,sosd,4,100000,100000,100000,45:25:30,0.99,0.1,0.7,0.05,0.5,sorted,5,5,45126,15946,15645,27658,24944,12874,13200,24585,29930,3303,3283,5168,1414595816,49613,21382,16,3.13.5,CPython,Clang 20.1.4 ,Linux-7.0.0-27-generic-x86_64-with-glibc2.43,x86_64
df3f12977e8c6b8b,sucesso,,sensibilidade-theta-1e5,b5f5b5dfb14e37ba,sorted-list,amzn,/home/amanda/Documents/Graduacao/Unipampa/3_semestre/Estrutura de Dados/Avaliações/balanced-search-trees/SOSD/data/books_200M_uint32,,sosd,4,100000,100000,100000,45:25:30,0.99,0.1,0.7,0.05,0.5,sorted,5,1,45126,4364,4330,5797,24944,5263,4819,9499,29930,4541,4400,6286,725226103,0,21382,0,3.13.5,CPython,Clang 20.1.4 ,Linux-7.0.0-27-generic-x86_64-with-glibc2.43,x86_64
c808214edbb5570f,sucesso,,sensibilidade-theta-1e5,b5f5b5dfb14e37ba,sorted-list,amzn,/home/amanda/Documents/Graduacao/Unipampa/3_semestre/Estrutura de Dados/Avaliações/balanced-search-trees/SOSD/data/books_200M_uint32,,sosd,4,100000,100000,100000,45:25:30,0.99,0.1,0.7,0.05,0.5,sorted,5,2,45126,4348,4330,5378,24944,5263,4819,9219,29930,4525,4400,6077,722759772,0,21382,0,3.13.5,CPython,Clang 20.1.4 ,Linux-7.0.0-27-generic-x86_64-with-glibc2.43,x86_64
04b15e16bf358f2a,sucesso,,sensibilidade-theta-1e5,b5f5b5dfb14e37ba,sorted-list,amzn,/home/amanda/Documents/Graduacao/Unipampa/3_semestre/Estrutura de Dados/Avaliações/balanced-search-trees/SOSD/data/books_200M_uint32,,sosd,4,100000,100000,100000,45:25:30,0.99,0.1,0.7,0.05,0.5,sorted,5,3,45126,4346,4330,5308,24944,5256,4819,9429,29930,4504,4400,5867,719062756,0,21382,0,3.13.5,CPython,Clang 20.1.4 ,Linux-7.0.0-27-generic-x86_64-with-glibc2.43,x86_64
5033b9937e7c3e12,sucesso,,sensibilidade-theta-1e5,b5f5b5dfb14e37ba,sorted-list,amzn,/home/amanda/Documents/Graduacao/Unipampa/3_semestre/Estrutura de Dados/Avaliações/balanced-search-trees/SOSD/data/books_200M_uint32,,sosd,4,100000,100000,100000,45:25:30,0.99,0.1,0.7,0.05,0.5,sorted,5,4,45126,4360,4330,5727,24944,5269,4819,9499,29930,4534,4400,6216,723347493,0,21382,0,3.13.5,CPython,Clang 20.1.4 ,Linux-7.0.0-27-generic-x86_64-with-glibc2.43,x86_64
bb39939a1bed5ad7,sucesso,,sensibilidade-theta-1e5,b5f5b5dfb14e37ba,sorted-list,amzn,/home/amanda/Documents/Graduacao/Unipampa/3_semestre/Estrutura de Dados/Avaliações/balanced-search-trees/SOSD/data/books_200M_uint32,,sosd,4,100000,100000,100000,45:25:30,0.99,0.1,0.7,0.05,0.5,sorted,5,5,45126,4385,4330,6076,24944,5290,4819,9429,29930,4539,4400,6216,724823254,0,21382,0,3.13.5,CPython,Clang 20.1.4 ,Linux-7.0.0-27-generic-x86_64-with-glibc2.43,x86_64
64117ff53ee08a57,sucesso,,sensibilidade-theta-1e5,4ae496e735d25a70,avl,amzn,/home/amanda/Documents/Graduacao/Unipampa/3_semestre/Estrutura de Dados/Avaliações/balanced-search-trees/SOSD/data/books_200M_uint32,,sosd,4,100000,100000,100000,45:25:30,0.99,0.1,0.7,0.05,0.5,shuffle,5,1,45035,15032,14318,27588,25115,12862,13130,24095,29850,3343,3352,4819,1375182863,35541,21141,17,3.13.5,CPython,Clang 20.1.4 ,Linux-7.0.0-27-generic-x86_64-with-glibc2.43,x86_64
6fe5765edf37a3b0,sucesso,,sensibilidade-theta-1e5,4ae496e735d25a70,avl,amzn,/home/amanda/Documents/Graduacao/Unipampa/3_semestre/Estrutura de Dados/Avaliações/balanced-search-trees/SOSD/data/books_200M_uint32,,sosd,4,100000,100000,100000,45:25:30,0.99,0.1,0.7,0.05,0.5,shuffle,5,2,45035,14922,14248,26819,25115,12764,12990,23886,29850,3314,3283,4749,1369722966,35541,21141,17,3.13.5,CPython,Clang 20.1.4 ,Linux-7.0.0-27-generic-x86_64-with-glibc2.43,x86_64
1482930906b8671e,sucesso,,sensibilidade-theta-1e5,4ae496e735d25a70,avl,amzn,/home/amanda/Documents/Graduacao/Unipampa/3_semestre/Estrutura de Dados/Avaliações/balanced-search-trees/SOSD/data/books_200M_uint32,,sosd,4,100000,100000,100000,45:25:30,0.99,0.1,0.7,0.05,0.5,shuffle,5,3,45035,14687,14178,26680,25115,12739,12991,24445,29850,3292,3283,4330,1355708305,35541,21141,17,3.13.5,CPython,Clang 20.1.4 ,Linux-7.0.0-27-generic-x86_64-with-glibc2.43,x86_64
e02584886bb6f1bd,sucesso,,sensibilidade-theta-1e5,4ae496e735d25a70,avl,amzn,/home/amanda/Documents/Graduacao/Unipampa/3_semestre/Estrutura de Dados/Avaliações/balanced-search-trees/SOSD/data/books_200M_uint32,,sosd,4,100000,100000,100000,45:25:30,0.99,0.1,0.7,0.05,0.5,shuffle,5,4,45035,20740,14177,26261,25115,12733,12990,24794,29850,3304,3283,4400,1629093877,35541,21141,17,3.13.5,CPython,Clang 20.1.4 ,Linux-7.0.0-27-generic-x86_64-with-glibc2.43,x86_64
89b77c1618c1b6bf,sucesso,,sensibilidade-theta-1e5,4ae496e735d25a70,avl,amzn,/home/amanda/Documents/Graduacao/Unipampa/3_semestre/Estrutura de Dados/Avaliações/balanced-search-trees/SOSD/data/books_200M_uint32,,sosd,4,100000,100000,100000,45:25:30,0.99,0.1,0.7,0.05,0.5,shuffle,5,5,45035,14701,13968,26121,25115,12615,12920,24305,29850,3255,3283,4261,1349372590,35541,21141,17,3.13.5,CPython,Clang 20.1.4 ,Linux-7.0.0-27-generic-x86_64-with-glibc2.43,x86_64
943409625e34356b,sucesso,,sensibilidade-theta-1e5,4ae496e735d25a70,sorted-list,amzn,/home/amanda/Documents/Graduacao/Unipampa/3_semestre/Estrutura de Dados/Avaliações/balanced-search-trees/SOSD/data/books_200M_uint32,,sosd,4,100000,100000,100000,45:25:30,0.99,0.1,0.7,0.05,0.5,shuffle,5,1,45035,6471,6076,12362,25115,5591,5308,9010,29850,4494,4400,5588,829132317,0,21141,0,3.13.5,CPython,Clang 20.1.4 ,Linux-7.0.0-27-generic-x86_64-with-glibc2.43,x86_64
d5b6eb01ebb60b57,sucesso,,sensibilidade-theta-1e5,4ae496e735d25a70,sorted-list,amzn,/home/amanda/Documents/Graduacao/Unipampa/3_semestre/Estrutura de Dados/Avaliações/balanced-search-trees/SOSD/data/books_200M_uint32,,sosd,4,100000,100000,100000,45:25:30,0.99,0.1,0.7,0.05,0.5,shuffle,5,2,45035,6475,6076,12223,25115,5609,5308,9079,29850,4500,4400,5727,830379345,0,21141,0,3.13.5,CPython,Clang 20.1.4 ,Linux-7.0.0-27-generic-x86_64-with-glibc2.43,x86_64
af3674d6c7c067aa,sucesso,,sensibilidade-theta-1e5,4ae496e735d25a70,sorted-list,amzn,/home/amanda/Documents/Graduacao/Unipampa/3_semestre/Estrutura de Dados/Avaliações/balanced-search-trees/SOSD/data/books_200M_uint32,,sosd,4,100000,100000,100000,45:25:30,0.99,0.1,0.7,0.05,0.5,shuffle,5,3,45035,6466,6076,12292,25115,5594,5308,9009,29850,4480,4400,5378,828769348,0,21141,0,3.13.5,CPython,Clang 20.1.4 ,Linux-7.0.0-27-generic-x86_64-with-glibc2.43,x86_64
0c6c448bf3237243,sucesso,,sensibilidade-theta-1e5,4ae496e735d25a70,sorted-list,amzn,/home/amanda/Documents/Graduacao/Unipampa/3_semestre/Estrutura de Dados/Avaliações/balanced-search-trees/SOSD/data/books_200M_uint32,,sosd,4,100000,100000,100000,45:25:30,0.99,0.1,0.7,0.05,0.5,shuffle,5,4,45035,6463,5867,12362,25115,5611,5239,9149,29850,4477,4331,5727,828725627,0,21141,0,3.13.5,CPython,Clang 20.1.4 ,Linux-7.0.0-27-generic-x86_64-with-glibc2.43,x86_64
47e1c06c356f10ec,sucesso,,sensibilidade-theta-1e5,4ae496e735d25a70,sorted-list,amzn,/home/amanda/Documents/Graduacao/Unipampa/3_semestre/Estrutura de Dados/Avaliações/balanced-search-trees/SOSD/data/books_200M_uint32,,sosd,4,100000,100000,100000,45:25:30,0.99,0.1,0.7,0.05,0.5,shuffle,5,5,45035,6494,6076,12501,25115,5628,5308,9498,29850,4494,4400,5727,832539068,0,21141,0,3.13.5,CPython,Clang 20.1.4 ,Linux-7.0.0-27-generic-x86_64-with-glibc2.43,x86_64
a387efa4b7d36bdf,sucesso,,sensibilidade-theta-1e5,de74729d9c690501,avl,amzn,/home/amanda/Documents/Graduacao/Unipampa/3_semestre/Estrutura de Dados/Avaliações/balanced-search-trees/SOSD/data/books_200M_uint32,,sosd,4,100000,100000,100000,45:25:30,1.2,0.1,0.7,0.05,0.5,sorted,5,1,45126,15606,15365,27238,24944,12684,12990,24305,29930,3237,3282,4750,1388638305,48402,21382,16,3.13.5,CPython,Clang 20.1.4 ,Linux-7.0.0-27-generic-x86_64-with-glibc2.43,x86_64
6129893df8fa6194,sucesso,,sensibilidade-theta-1e5,de74729d9c690501,avl,amzn,/home/amanda/Documents/Graduacao/Unipampa/3_semestre/Estrutura de Dados/Avaliações/balanced-search-trees/SOSD/data/books_200M_uint32,,sosd,4,100000,100000,100000,45:25:30,1.2,0.1,0.7,0.05,0.5,sorted,5,2,45126,15743,15365,27657,24944,12855,12991,24445,29930,3337,3283,5238,1404599850,48402,21382,16,3.13.5,CPython,Clang 20.1.4 ,Linux-7.0.0-27-generic-x86_64-with-glibc2.43,x86_64
825455e1ba9de1d5,sucesso,,sensibilidade-theta-1e5,de74729d9c690501,avl,amzn,/home/amanda/Documents/Graduacao/Unipampa/3_semestre/Estrutura de Dados/Avaliações/balanced-search-trees/SOSD/data/books_200M_uint32,,sosd,4,100000,100000,100000,45:25:30,1.2,0.1,0.7,0.05,0.5,sorted,5,3,45126,15799,15505,27658,24944,12783,12991,24724,29930,3254,3282,4819,1401080932,48402,21382,16,3.13.5,CPython,Clang 20.1.4 ,Linux-7.0.0-27-generic-x86_64-with-glibc2.43,x86_64
f4a3e3f8d7a342f6,sucesso,,sensibilidade-theta-1e5,de74729d9c690501,avl,amzn,/home/amanda/Documents/Graduacao/Unipampa/3_semestre/Estrutura de Dados/Avaliações/balanced-search-trees/SOSD/data/books_200M_uint32,,sosd,4,100000,100000,100000,45:25:30,1.2,0.1,0.7,0.05,0.5,sorted,5,4,45126,15638,15435,27727,24944,12821,12991,24445,29930,3298,3282,5168,1407532863,48402,21382,16,3.13.5,CPython,Clang 20.1.4 ,Linux-7.0.0-27-generic-x86_64-with-glibc2.43,x86_64
8d98b1c1d9fd74ac,sucesso,,sensibilidade-theta-1e5,de74729d9c690501,avl,amzn,/home/amanda/Documents/Graduacao/Unipampa/3_semestre/Estrutura de Dados/Avaliações/balanced-search-trees/SOSD/data/books_200M_uint32,,sosd,4,100000,100000,100000,45:25:30,1.2,0.1,0.7,0.05,0.5,sorted,5,5,45126,15805,15365,28146,24944,12850,12991,24235,29930,3301,3283,5168,1405946822,48402,21382,16,3.13.5,CPython,Clang 20.1.4 ,Linux-7.0.0-27-generic-x86_64-with-glibc2.43,x86_64
5805936ba977cbfd,sucesso,,sensibilidade-theta-1e5,de74729d9c690501,sorted-list,amzn,/home/amanda/Documents/Graduacao/Unipampa/3_semestre/Estrutura de Dados/Avaliações/balanced-search-trees/SOSD/data/books_200M_uint32,,sosd,4,100000,100000,100000,45:25:30,1.2,0.1,0.7,0.05,0.5,sorted,5,1,45126,4292,4261,5378,24944,4854,4749,8940,29930,4430,4330,5727,704903703,0,21382,0,3.13.5,CPython,Clang 20.1.4 ,Linux-7.0.0-27-generic-x86_64-with-glibc2.43,x86_64
b3f0a799c3f7dbbf,sucesso,,sensibilidade-theta-1e5,de74729d9c690501,sorted-list,amzn,/home/amanda/Documents/Graduacao/Unipampa/3_semestre/Estrutura de Dados/Avaliações/balanced-search-trees/SOSD/data/books_200M_uint32,,sosd,4,100000,100000,100000,45:25:30,1.2,0.1,0.7,0.05,0.5,sorted,5,2,45126,4306,4261,5308,24944,4854,4749,8940,29930,4437,4330,5727,705033330,0,21382,0,3.13.5,CPython,Clang 20.1.4 ,Linux-7.0.0-27-generic-x86_64-with-glibc2.43,x86_64
d1747f59c46d9995,sucesso,,sensibilidade-theta-1e5,de74729d9c690501,sorted-list,amzn,/home/amanda/Documents/Graduacao/Unipampa/3_semestre/Estrutura de Dados/Avaliações/balanced-search-trees/SOSD/data/books_200M_uint32,,sosd,4,100000,100000,100000,45:25:30,1.2,0.1,0.7,0.05,0.5,sorted,5,3,45126,4300,4261,5308,24944,4847,4680,8939,29930,4481,4330,5727,709740609,0,21382,0,3.13.5,CPython,Clang 20.1.4 ,Linux-7.0.0-27-generic-x86_64-with-glibc2.43,x86_64
d60fd511fd806e0e,sucesso,,sensibilidade-theta-1e5,de74729d9c690501,sorted-list,amzn,/home/amanda/Documents/Graduacao/Unipampa/3_semestre/Estrutura de Dados/Avaliações/balanced-search-trees/SOSD/data/books_200M_uint32,,sosd,4,100000,100000,100000,45:25:30,1.2,0.1,0.7,0.05,0.5,sorted,5,4,45126,4295,4261,5239,24944,4867,4680,9010,29930,4468,4330,5797,706359070,0,21382,0,3.13.5,CPython,Clang 20.1.4 ,Linux-7.0.0-27-generic-x86_64-with-glibc2.43,x86_64
dcb1adfda6018e5c,sucesso,,sensibilidade-theta-1e5,de74729d9c690501,sorted-list,amzn,/home/amanda/Documents/Graduacao/Unipampa/3_semestre/Estrutura de Dados/Avaliações/balanced-search-trees/SOSD/data/books_200M_uint32,,sosd,4,100000,100000,100000,45:25:30,1.2,0.1,0.7,0.05,0.5,sorted,5,5,45126,4350,4261,5727,24944,4909,4749,9080,29930,4489,4330,5797,713805342,0,21382,0,3.13.5,CPython,Clang 20.1.4 ,Linux-7.0.0-27-generic-x86_64-with-glibc2.43,x86_64
ecbcca5cc642bc4a,sucesso,,sensibilidade-theta-1e5,702030faefc616a2,avl,amzn,/home/amanda/Documents/Graduacao/Unipampa/3_semestre/Estrutura de Dados/Avaliações/balanced-search-trees/SOSD/data/books_200M_uint32,,sosd,4,100000,100000,100000,45:25:30,1.2,0.1,0.7,0.05,0.5,shuffle,5,1,45035,14977,14247,27098,25115,12606,12851,23258,29850,3375,3283,4819,1364865355,32309,21141,17,3.13.5,CPython,Clang 20.1.4 ,Linux-7.0.0-27-generic-x86_64-with-glibc2.43,x86_64
8ef92c8d89ba4f1b,sucesso,,sensibilidade-theta-1e5,702030faefc616a2,avl,amzn,/home/amanda/Documents/Graduacao/Unipampa/3_semestre/Estrutura de Dados/Avaliações/balanced-search-trees/SOSD/data/books_200M_uint32,,sosd,4,100000,100000,100000,45:25:30,1.2,0.1,0.7,0.05,0.5,shuffle,5,2,45035,14842,14178,26679,25115,12607,12851,24235,29850,3313,3283,4819,1357272625,32309,21141,17,3.13.5,CPython,Clang 20.1.4 ,Linux-7.0.0-27-generic-x86_64-with-glibc2.43,x86_64
6e747d0639e007a0,sucesso,,sensibilidade-theta-1e5,702030faefc616a2,avl,amzn,/home/amanda/Documents/Graduacao/Unipampa/3_semestre/Estrutura de Dados/Avaliações/balanced-search-trees/SOSD/data/books_200M_uint32,,sosd,4,100000,100000,100000,45:25:30,1.2,0.1,0.7,0.05,0.5,shuffle,5,3,45035,14786,14177,26540,25115,12543,12851,23817,29850,3280,3283,4330,1351955276,32309,21141,17,3.13.5,CPython,Clang 20.1.4 ,Linux-7.0.0-27-generic-x86_64-with-glibc2.43,x86_64
5fa8d340aa5a8426,sucesso,,sensibilidade-theta-1e5,702030faefc616a2,avl,amzn,/home/amanda/Documents/Graduacao/Unipampa/3_semestre/Estrutura de Dados/Avaliações/balanced-search-trees/SOSD/data/books_200M_uint32,,sosd,4,100000,100000,100000,45:25:30,1.2,0.1,0.7,0.05,0.5,shuffle,5,4,45035,20283,14108,27168,25115,12597,12851,24445,29850,3298,3283,4331,1602733072,32309,21141,17,3.13.5,CPython,Clang 20.1.4 ,Linux-7.0.0-27-generic-x86_64-with-glibc2.43,x86_64
97326f3df197d8d3,sucesso,,sensibilidade-theta-1e5,702030faefc616a2,avl,amzn,/home/amanda/Documents/Graduacao/Unipampa/3_semestre/Estrutura de Dados/Avaliações/balanced-search-trees/SOSD/data/books_200M_uint32,,sosd,4,100000,100000,100000,45:25:30,1.2,0.1,0.7,0.05,0.5,shuffle,5,5,45035,14561,13898,26191,25115,12419,12781,24305,29850,3248,3283,4401,1337245719,32309,21141,17,3.13.5,CPython,Clang 20.1.4 ,Linux-7.0.0-27-generic-x86_64-with-glibc2.43,x86_64
55eb4b8958da145a,sucesso,,sensibilidade-theta-1e5,702030faefc616a2,sorted-list,amzn,/home/amanda/Documents/Graduacao/Unipampa/3_semestre/Estrutura de Dados/Avaliações/balanced-search-trees/SOSD/data/books_200M_uint32,,sosd,4,100000,100000,100000,45:25:30,1.2,0.1,0.7,0.05,0.5,shuffle,5,1,45035,6585,6076,12432,25115,5651,5239,9150,29850,4514,4400,5797,837846848,0,21141,0,3.13.5,CPython,Clang 20.1.4 ,Linux-7.0.0-27-generic-x86_64-with-glibc2.43,x86_64
933fcc6582f74624,sucesso,,sensibilidade-theta-1e5,702030faefc616a2,sorted-list,amzn,/home/amanda/Documents/Graduacao/Unipampa/3_semestre/Estrutura de Dados/Avaliações/balanced-search-trees/SOSD/data/books_200M_uint32,,sosd,4,100000,100000,100000,45:25:30,1.2,0.1,0.7,0.05,0.5,shuffle,5,2,45035,6494,6076,12362,25115,5589,5308,9010,29850,4480,4400,5658,828426424,0,21141,0,3.13.5,CPython,Clang 20.1.4 ,Linux-7.0.0-27-generic-x86_64-with-glibc2.43,x86_64
36ca9b2345aabcf4,sucesso,,sensibilidade-theta-1e5,702030faefc616a2,sorted-list,amzn,/home/amanda/Documents/Graduacao/Unipampa/3_semestre/Estrutura de Dados/Avaliações/balanced-search-trees/SOSD/data/books_200M_uint32,,sosd,4,100000,100000,100000,45:25:30,1.2,0.1,0.7,0.05,0.5,shuffle,5,3,45035,6529,6076,12432,25115,5628,5308,9289,29850,4512,4331,5867,834243212,0,21141,0,3.13.5,CPython,Clang 20.1.4 ,Linux-7.0.0-27-generic-x86_64-with-glibc2.43,x86_64
cf1f795b3369baf3,sucesso,,sensibilidade-theta-1e5,702030faefc616a2,sorted-list,amzn,/home/amanda/Documents/Graduacao/Unipampa/3_semestre/Estrutura de Dados/Avaliações/balanced-search-trees/SOSD/data/books_200M_uint32,,sosd,4,100000,100000,100000,45:25:30,1.2,0.1,0.7,0.05,0.5,shuffle,5,4,45035,6522,6146,12432,25115,5607,5308,9079,29850,4499,4400,5727,831462803,0,21141,0,3.13.5,CPython,Clang 20.1.4 ,Linux-7.0.0-27-generic-x86_64-with-glibc2.43,x86_64
bf280c8d27861267,sucesso,,sensibilidade-theta-1e5,702030faefc616a2,sorted-list,amzn,/home/amanda/Documents/Graduacao/Unipampa/3_semestre/Estrutura de Dados/Avaliações/balanced-search-trees/SOSD/data/books_200M_uint32,,sosd,4,100000,100000,100000,45:25:30,1.2,0.1,0.7,0.05,0.5,shuffle,5,5,45035,6577,6146,12921,25115,5674,5308,10267,29850,4540,4400,6146,840177405,0,21141,0,3.13.5,CPython,Clang 20.1.4 ,Linux-7.0.0-27-generic-x86_64-with-glibc2.43,x86_64
c89d3d1b8d38e276,sucesso,,escala-1e6,d4d41d611bc35006,avl,amzn,/home/amanda/Documents/Graduacao/Unipampa/3_semestre/Estrutura de Dados/Avaliações/balanced-search-trees/SOSD/data/books_200M_uint32,,sosd,4,1000000,1000000,1000000,45:25:30,0.99,0.1,0.7,0.05,0.5,sorted,5,1,450084,19787,18299,31429,249983,17062,17111,30591,299933,4303,3911,7054,17272636534,496063,212648,19,3.13.5,CPython,Clang 20.1.4 ,Linux-7.0.0-27-generic-x86_64-with-glibc2.43,x86_64
0574f6a7831c75a0,sucesso,,escala-1e6,d4d41d611bc35006,avl,amzn,/home/amanda/Documents/Graduacao/Unipampa/3_semestre/Estrutura de Dados/Avaliações/balanced-search-trees/SOSD/data/books_200M_uint32,,sosd,4,1000000,1000000,1000000,45:25:30,0.99,0.1,0.7,0.05,0.5,sorted,5,2,450084,19764,18299,31010,249983,17004,17042,30451,299933,4289,3911,7124,17207133147,496063,212648,19,3.13.5,CPython,Clang 20.1.4 ,Linux-7.0.0-27-generic-x86_64-with-glibc2.43,x86_64
f64ee4e530a4b3c2,sucesso,,escala-1e6,d4d41d611bc35006,avl,amzn,/home/amanda/Documents/Graduacao/Unipampa/3_semestre/Estrutura de Dados/Avaliações/balanced-search-trees/SOSD/data/books_200M_uint32,,sosd,4,1000000,1000000,1000000,45:25:30,0.99,0.1,0.7,0.05,0.5,sorted,5,3,450084,19758,18299,31009,249983,16853,16902,30032,299933,4246,3842,7054,17166627177,496063,212648,19,3.13.5,CPython,Clang 20.1.4 ,Linux-7.0.0-27-generic-x86_64-with-glibc2.43,x86_64
06d2c023dd0d4815,sucesso,,escala-1e6,d4d41d611bc35006,avl,amzn,/home/amanda/Documents/Graduacao/Unipampa/3_semestre/Estrutura de Dados/Avaliações/balanced-search-trees/SOSD/data/books_200M_uint32,,sosd,4,1000000,1000000,1000000,45:25:30,0.99,0.1,0.7,0.05,0.5,sorted,5,4,450084,19849,18229,31009,249983,16780,16901,30032,299933,4218,3842,6774,17130922286,496063,212648,19,3.13.5,CPython,Clang 20.1.4 ,Linux-7.0.0-27-generic-x86_64-with-glibc2.43,x86_64
4520eab9381f0fc0,sucesso,,escala-1e6,d4d41d611bc35006,avl,amzn,/home/amanda/Documents/Graduacao/Unipampa/3_semestre/Estrutura de Dados/Avaliações/balanced-search-trees/SOSD/data/books_200M_uint32,,sosd,4,1000000,1000000,1000000,45:25:30,0.99,0.1,0.7,0.05,0.5,sorted,5,5,450084,18961,18229,31429,249983,16954,17041,30590,299933,4276,3911,7124,16801985572,496063,212648,19,3.13.5,CPython,Clang 20.1.4 ,Linux-7.0.0-27-generic-x86_64-with-glibc2.43,x86_64
f40d21192c95440f,sucesso,,escala-1e6,d4d41d611bc35006,sorted-list,amzn,/home/amanda/Documents/Graduacao/Unipampa/3_semestre/Estrutura de Dados/Avaliações/balanced-search-trees/SOSD/data/books_200M_uint32,,sosd,4,1000000,1000000,1000000,45:25:30,0.99,0.1,0.7,0.05,0.5,sorted,5,1,450084,5168,5168,7124,249983,12672,6774,54895,299933,5878,5727,8591,9921552698,0,212648,0,3.13.5,CPython,Clang 20.1.4 ,Linux-7.0.0-27-generic-x86_64-with-glibc2.43,x86_64
9b2489d9b86a82b5,sucesso,,escala-1e6,d4d41d611bc35006,sorted-list,amzn,/home/amanda/Documents/Graduacao/Unipampa/3_semestre/Estrutura de Dados/Avaliações/balanced-search-trees/SOSD/data/books_200M_uint32,,sosd,4,1000000,1000000,1000000,45:25:30,0.99,0.1,0.7,0.05,0.5,sorted,5,2,450084,5168,5168,6775,249983,12688,6774,55455,299933,5873,5727,8242,9907208209,0,212648,0,3.13.5,CPython,Clang 20.1.4 ,Linux-7.0.0-27-generic-x86_64-with-glibc2.43,x86_64
326184f36780094b,sucesso,,escala-1e6,d4d41d611bc35006,sorted-list,amzn,/home/amanda/Documents/Graduacao/Unipampa/3_semestre/Estrutura de Dados/Avaliações/balanced-search-trees/SOSD/data/books_200M_uint32,,sosd,4,1000000,1000000,1000000,45:25:30,0.99,0.1,0.7,0.05,0.5,sorted,5,3,450084,5152,5168,6705,249983,12633,6774,55175,299933,5860,5727,8241,9890260781,0,212648,0,3.13.5,CPython,Clang 20.1.4 ,Linux-7.0.0-27-generic-x86_64-with-glibc2.43,x86_64
06064f0bc3467fa6,sucesso,,escala-1e6,d4d41d611bc35006,sorted-list,amzn,/home/amanda/Documents/Graduacao/Unipampa/3_semestre/Estrutura de Dados/Avaliações/balanced-search-trees/SOSD/data/books_200M_uint32,,sosd,4,1000000,1000000,1000000,45:25:30,0.99,0.1,0.7,0.05,0.5,sorted,5,4,450084,5136,5168,7193,249983,12585,6705,55664,299933,5778,5657,8660,9841506003,0,212648,0,3.13.5,CPython,Clang 20.1.4 ,Linux-7.0.0-27-generic-x86_64-with-glibc2.43,x86_64
8320b089b80aaf60,sucesso,,escala-1e6,d4d41d611bc35006,sorted-list,amzn,/home/amanda/Documents/Graduacao/Unipampa/3_semestre/Estrutura de Dados/Avaliações/balanced-search-trees/SOSD/data/books_200M_uint32,,sosd,4,1000000,1000000,1000000,45:25:30,0.99,0.1,0.7,0.05,0.5,sorted,5,5,450084,5127,5168,6705,249983,12486,6635,54267,299933,5757,5657,8102,9794109232,0,212648,0,3.13.5,CPython,Clang 20.1.4 ,Linux-7.0.0-27-generic-x86_64-with-glibc2.43,x86_64
d19818c006f698e4,sucesso,,escala-1e6,bd8eb19bc1acf3dd,avl,amzn,/home/amanda/Documents/Graduacao/Unipampa/3_semestre/Estrutura de Dados/Avaliações/balanced-search-trees/SOSD/data/books_200M_uint32,,sosd,4,1000000,1000000,1000000,45:25:30,0.99,0.1,0.7,0.05,0.5,shuffle,5,1,449901,20512,18858,32896,249949,16922,17181,30521,300150,4408,4330,6774,17585496638,343999,212376,21,3.13.5,CPython,Clang 20.1.4 ,Linux-7.0.0-27-generic-x86_64-with-glibc2.43,x86_64
eb472bd448141eb0,sucesso,,escala-1e6,bd8eb19bc1acf3dd,avl,amzn,/home/amanda/Documents/Graduacao/Unipampa/3_semestre/Estrutura de Dados/Avaliações/balanced-search-trees/SOSD/data/books_200M_uint32,,sosd,4,1000000,1000000,1000000,45:25:30,0.99,0.1,0.7,0.05,0.5,shuffle,5,2,449901,20956,19067,33803,249949,17113,17321,31009,300150,4476,4330,7124,17822220541,343999,212376,21,3.13.5,CPython,Clang 20.1.4 ,Linux-7.0.0-27-generic-x86_64-with-glibc2.43,x86_64
0d8764ac9db2867f,sucesso,,escala-1e6,bd8eb19bc1acf3dd,avl,amzn,/home/amanda/Documents/Graduacao/Unipampa/3_semestre/Estrutura de Dados/Avaliações/balanced-search-trees/SOSD/data/books_200M_uint32,,sosd,4,1000000,1000000,1000000,45:25:30,0.99,0.1,0.7,0.05,0.5,shuffle,5,3,449901,21063,18997,33804,249949,17057,17251,30940,300150,4456,4330,7124,17849556574,343999,212376,21,3.13.5,CPython,Clang 20.1.4 ,Linux-7.0.0-27-generic-x86_64-with-glibc2.43,x86_64
8e3de7f45740d4fd,sucesso,,escala-1e6,bd8eb19bc1acf3dd,avl,amzn,/home/amanda/Documents/Graduacao/Unipampa/3_semestre/Estrutura de Dados/Avaliações/balanced-search-trees/SOSD/data/books_200M_uint32,,sosd,4,1000000,1000000,1000000,45:25:30,0.99,0.1,0.7,0.05,0.5,shuffle,5,4,449901,19794,18997,33454,249949,17033,17251,30800,300150,4437,4330,7054,17255822983,343999,212376,21,3.13.5,CPython,Clang 20.1.4 ,Linux-7.0.0-27-generic-x86_64-with-glibc2.43,x86_64
cda0f5d43349c5c2,sucesso,,escala-1e6,bd8eb19bc1acf3dd,avl,amzn,/home/amanda/Documents/Graduacao/Unipampa/3_semestre/Estrutura de Dados/Avaliações/balanced-search-trees/SOSD/data/books_200M_uint32,,sosd,4,1000000,1000000,1000000,45:25:30,0.99,0.1,0.7,0.05,0.5,shuffle,5,5,449901,21272,18927,33175,249949,16924,17181,30521,300150,4411,4330,6775,17929275925,343999,212376,21,3.13.5,CPython,Clang 20.1.4 ,Linux-7.0.0-27-generic-x86_64-with-glibc2.43,x86_64
9dfce46fde464efa,sucesso,,escala-1e6,bd8eb19bc1acf3dd,sorted-list,amzn,/home/amanda/Documents/Graduacao/Unipampa/3_semestre/Estrutura de Dados/Avaliações/balanced-search-trees/SOSD/data/books_200M_uint32,,sosd,4,1000000,1000000,1000000,45:25:30,0.99,0.1,0.7,0.05,0.5,shuffle,5,1,449901,26258,21301,77734,249949,19039,14877,56223,300150,6206,6216,9079,21287184464,0,212376,0,3.13.5,CPython,Clang 20.1.4 ,Linux-7.0.0-27-generic-x86_64-with-glibc2.43,x86_64
79b7a7d652e0a61a,sucesso,,escala-1e6,bd8eb19bc1acf3dd,sorted-list,amzn,/home/amanda/Documents/Graduacao/Unipampa/3_semestre/Estrutura de Dados/Avaliações/balanced-search-trees/SOSD/data/books_200M_uint32,,sosd,4,1000000,1000000,1000000,45:25:30,0.99,0.1,0.7,0.05,0.5,shuffle,5,2,449901,26236,21162,77874,249949,19028,14807,56293,300150,6181,6216,9079,21269190100,0,212376,0,3.13.5,CPython,Clang 20.1.4 ,Linux-7.0.0-27-generic-x86_64-with-glibc2.43,x86_64
0a7c0414d9481688,sucesso,,escala-1e6,bd8eb19bc1acf3dd,sorted-list,amzn,/home/amanda/Documents/Graduacao/Unipampa/3_semestre/Estrutura de Dados/Avaliações/balanced-search-trees/SOSD/data/books_200M_uint32,,sosd,4,1000000,1000000,1000000,45:25:30,0.99,0.1,0.7,0.05,0.5,shuffle,5,3,449901,26073,21092,76616,249949,18862,14806,55245,300150,6068,6146,8660,21110627456,0,212376,0,3.13.5,CPython,Clang 20.1.4 ,Linux-7.0.0-27-generic-x86_64-with-glibc2.43,x86_64
04a499451c3313b1,sucesso,,escala-1e6,bd8eb19bc1acf3dd,sorted-list,amzn,/home/amanda/Documents/Graduacao/Unipampa/3_semestre/Estrutura de Dados/Avaliações/balanced-search-trees/SOSD/data/books_200M_uint32,,sosd,4,1000000,1000000,1000000,45:25:30,0.99,0.1,0.7,0.05,0.5,shuffle,5,4,449901,25984,21022,76616,249949,18790,14736,55245,300150,6030,6146,8241,20997184192,0,212376,0,3.13.5,CPython,Clang 20.1.4 ,Linux-7.0.0-27-generic-x86_64-with-glibc2.43,x86_64
e9497b6dcc4836ba,sucesso,,escala-1e6,bd8eb19bc1acf3dd,sorted-list,amzn,/home/amanda/Documents/Graduacao/Unipampa/3_semestre/Estrutura de Dados/Avaliações/balanced-search-trees/SOSD/data/books_200M_uint32,,sosd,4,1000000,1000000,1000000,45:25:30,0.99,0.1,0.7,0.05,0.5,shuffle,5,5,449901,26137,21093,77246,249949,18919,14737,55734,300150,6103,6146,8870,21148485366,0,212376,0,3.13.5,CPython,Clang 20.1.4 ,Linux-7.0.0-27-generic-x86_64-with-glibc2.43,x86_64
